{
	"credit": "Made with Blockbench",
	"ambientocclusion": false,
	"textures": {
		"4": "item/black",
		"particle": "item/black",
		"red": "item/item6",
		"texture2": "item/gray3"
	},
	"elements": [
		{
			"from": [1, 15.5, 5.5],
			"to": [1.5, 16, 10.5],
			"faces": {
				"east": {"uv": [5.5, 0, 10.5, 0.5], "texture": "#red"},
				"west": {"uv": [5.5, 0, 10.5, 0.5], "texture": "#red"},
				"down": {"uv": [1, 5.5, 1.5, 10.5], "texture": "#red"}
			}
		},
		{
			"from": [1, 14, 10.5],
			"to": [1.5, 16, 11.5],
			"faces": {
				"north": {"uv": [14.5, 0, 15, 2], "texture": "#red"},
				"east": {"uv": [4.5, 0, 5.5, 2], "texture": "#red"},
				"south": {"uv": [1, 0, 1.5, 2], "texture": "#red"},
				"west": {"uv": [10.5, 0, 11.5, 2], "texture": "#red"},
				"up": {"uv": [1, 10.5, 1.5, 11.5], "texture": "#red", "cullface": "up"}
			}
		},
		{
			"from": [1, 14, 4.5],
			"to": [1.5, 16, 5.5],
			"faces": {
				"north": {"uv": [14.5, 0, 15, 2], "texture": "#red"},
				"east": {"uv": [10.5, 0, 11.5, 2], "texture": "#red"},
				"south": {"uv": [1, 0, 1.5, 2], "texture": "#red"},
				"west": {"uv": [4.5, 0, 5.5, 2], "texture": "#red"},
				"up": {"uv": [1, 4.5, 1.5, 5.5], "texture": "#red", "cullface": "up"}
			}
		},
		{
			"from": [1, 16, 5],
			"to": [1.5, 16.5, 11],
			"faces": {
				"north": {"uv": [14.5, 15.5, 15, 16], "texture": "#red", "cullface": "up"},
				"east": {"uv": [5, 15.5, 11, 16], "texture": "#red", "cullface": "up"},
				"south": {"uv": [1, 15.5, 1.5, 16], "texture": "#red", "cullface": "up"},
				"west": {"uv": [5, 15.5, 11, 16], "texture": "#red", "cullface": "up"},
				"up": {"uv": [1, 5, 1.5, 11], "texture": "#red", "cullface": "up"},
				"down": {"uv": [1, 5, 1.5, 11], "texture": "#red", "cullface": "up"}
			}
		},
		{
			"from": [0.5, 3, 0.5],
			"to": [2, 4, 1],
			"faces": {
				"north": {"uv": [14, 12, 15.5, 13], "texture": "#red"},
				"east": {"uv": [15, 12, 15.5, 13], "texture": "#red"},
				"south": {"uv": [0.5, 12, 2, 13], "texture": "#red"},
				"west": {"uv": [0.5, 12, 1, 13], "texture": "#red"},
				"up": {"uv": [0.5, 0.5, 2, 1], "texture": "#red"},
				"down": {"uv": [0.5, 15, 2, 15.5], "texture": "#red"}
			}
		},
		{
			"from": [0.5, 3, 1],
			"to": [2, 3.5, 15.5],
			"faces": {
				"east": {"uv": [0.5, 12.5, 15, 13], "texture": "#red"},
				"south": {"uv": [0.5, 12.5, 2, 13], "texture": "#red"},
				"west": {"uv": [1, 12.5, 15.5, 13], "texture": "#red"},
				"up": {"uv": [0.5, 1, 2, 15.5], "texture": "#red"},
				"down": {"uv": [0.5, 0.5, 2, 15], "texture": "#red"}
			}
		},
		{
			"from": [0.5, 3.5, 0],
			"to": [2, 13.5, 0.5],
			"faces": {
				"north": {"uv": [14, 2.5, 15.5, 12.5], "texture": "#red", "cullface": "north"},
				"east": {"uv": [15.5, 2.5, 16, 12.5], "texture": "#red"},
				"south": {"uv": [0.5, 2.5, 2, 12.5], "texture": "#red"},
				"west": {"uv": [0, 2.5, 0.5, 12.5], "texture": "#red"},
				"up": {"uv": [0.5, 0, 2, 0.5], "texture": "#red"},
				"down": {"uv": [0.5, 15.5, 2, 16], "texture": "#red"}
			}
		},
		{
			"from": [0.5, 3.5, 15],
			"to": [2, 4, 16],
			"faces": {
				"north": {"uv": [14, 12, 15.5, 12.5], "texture": "#red"},
				"east": {"uv": [0, 12, 1, 12.5], "texture": "#red"},
				"south": {"uv": [0.5, 12, 2, 12.5], "texture": "#red", "cullface": "south"},
				"west": {"uv": [15, 12, 16, 12.5], "texture": "#red"},
				"up": {"uv": [0.5, 15, 2, 16], "texture": "#red"},
				"down": {"uv": [0.5, 0, 2, 1], "texture": "#red"}
			}
		},
		{
			"from": [0.5, 4, 15.5],
			"to": [2, 13.5, 16],
			"faces": {
				"north": {"uv": [14, 2.5, 15.5, 12], "texture": "#red"},
				"east": {"uv": [0, 2.5, 0.5, 12], "texture": "#red"},
				"south": {"uv": [0.5, 2.5, 2, 12], "texture": "#red", "cullface": "south"},
				"west": {"uv": [15.5, 2.5, 16, 12], "texture": "#red"},
				"up": {"uv": [0.5, 15.5, 2, 16], "texture": "#red"}
			}
		},
		{
			"from": [0.5, 13, 0.5],
			"to": [2, 14, 1],
			"faces": {
				"north": {"uv": [14, 2, 15.5, 3], "texture": "#red"},
				"east": {"uv": [15, 2, 15.5, 3], "texture": "#red"},
				"south": {"uv": [0.5, 2, 2, 3], "texture": "#red"},
				"west": {"uv": [0.5, 2, 1, 3], "texture": "#red"},
				"up": {"uv": [0.5, 0.5, 2, 1], "texture": "#red"},
				"down": {"uv": [0.5, 15, 2, 15.5], "texture": "#red"}
			}
		},
		{
			"from": [0.5, 13, 15],
			"to": [2, 14, 15.5],
			"faces": {
				"north": {"uv": [14, 2, 15.5, 3], "texture": "#red"},
				"east": {"uv": [0.5, 2, 1, 3], "texture": "#red"},
				"south": {"uv": [0.5, 2, 2, 3], "texture": "#red"},
				"west": {"uv": [15, 2, 15.5, 3], "texture": "#red"},
				"up": {"uv": [0.5, 15, 2, 15.5], "texture": "#red"},
				"down": {"uv": [0.5, 0.5, 2, 1], "texture": "#red"}
			}
		},
		{
			"from": [0.5, 13.5, 1],
			"to": [2, 14, 15],
			"faces": {
				"east": {"uv": [1, 2, 15, 2.5], "texture": "#red"},
				"west": {"uv": [1, 2, 15, 2.5], "texture": "#red"},
				"up": {"uv": [0.5, 1, 2, 15], "texture": "#red"},
				"down": {"uv": [0.5, 1, 2, 15], "texture": "#red"}
			}
		},
		{
			"from": [0, 3.5, 1],
			"to": [0.5, 13.5, 4.5],
			"faces": {
				"north": {"uv": [15.5, 2.5, 16, 12.5], "texture": "#red"},
				"south": {"uv": [0, 2.5, 0.5, 12.5], "texture": "#red"},
				"west": {"uv": [1, 2.5, 4.5, 12.5], "texture": "#red", "cullface": "west"},
				"up": {"uv": [0, 1, 0.5, 4.5], "texture": "#red"},
				"down": {"uv": [0, 11.5, 0.5, 15], "texture": "#red"}
			}
		},
		{
			"from": [0, 3.5, 4.5],
			"to": [0.5, 10, 6.5],
			"faces": {
				"south": {"uv": [0, 9, 0.5, 12.5], "texture": "#red"},
				"west": {"uv": [4.5, 9, 6.5, 12.5], "texture": "#red", "cullface": "west"},
				"up": {"uv": [0, 4.5, 0.5, 6.5], "texture": "#red"},
				"down": {"uv": [0, 9.5, 0.5, 11.5], "texture": "#red"}
			}
		},
		{
			"from": [0, 3.5, 6.5],
			"to": [0.5, 12, 9.5],
			"faces": {
				"west": {"uv": [6.5, 11, 9.5, 12.5], "texture": "#red", "cullface": "west"},
				"up": {"uv": [0, 6.5, 0.5, 9.5], "texture": "#red"},
				"down": {"uv": [0, 6.5, 0.5, 9.5], "texture": "#red"}
			}
		},
		{
			"from": [0, 4, 0.5],
			"to": [0.5, 13, 1],
			"faces": {
				"north": {"uv": [15.5, 3, 16, 12], "texture": "#red"},
				"west": {"uv": [0.5, 3, 1, 12], "texture": "#red", "cullface": "west"},
				"up": {"uv": [0, 0.5, 0.5, 1], "texture": "#red"},
				"down": {"uv": [0, 15, 0.5, 15.5], "texture": "#red"}
			}
		},
		{
			"from": [0, 4, 15],
			"to": [0.5, 13, 15.5],
			"faces": {
				"south": {"uv": [0, 3, 0.5, 12], "texture": "#red"},
				"west": {"uv": [15, 3, 15.5, 12], "texture": "#red", "cullface": "west"},
				"up": {"uv": [0, 15, 0.5, 15.5], "texture": "#red"},
				"down": {"uv": [0, 0.5, 0.5, 1], "texture": "#red"}
			}
		},
		{
			"from": [0, 10, 4.5],
			"to": [0.5, 13.5, 6.5],
			"faces": {
				"south": {"uv": [0, 2.5, 0.5, 6], "texture": "#red"},
				"west": {"uv": [4.5, 2.5, 6.5, 6], "texture": "#red", "cullface": "west"},
				"up": {"uv": [0, 4.5, 0.5, 6.5], "texture": "#red"},
				"down": {"uv": [0, 9.5, 0.5, 11.5], "texture": "#red"}
			}
		},
		{
			"from": [0, 3.5, 11.5],
			"to": [0.5, 13.5, 15],
			"faces": {
				"north": {"uv": [15.5, 2.5, 16, 12.5], "texture": "#red"},
				"south": {"uv": [0, 2.5, 0.5, 12.5], "texture": "#red"},
				"west": {"uv": [11.5, 2.5, 15, 12.5], "texture": "#red", "cullface": "west"},
				"up": {"uv": [0, 11.5, 0.5, 15], "texture": "#red"},
				"down": {"uv": [0, 1, 0.5, 4.5], "texture": "#red"}
			}
		},
		{
			"from": [0, 3.5, 9.5],
			"to": [0.5, 10, 11.5],
			"faces": {
				"north": {"uv": [15.5, 9, 16, 12.5], "texture": "#red"},
				"west": {"uv": [9.5, 9, 11.5, 12.5], "texture": "#red", "cullface": "west"},
				"up": {"uv": [0, 9.5, 0.5, 11.5], "texture": "#red"},
				"down": {"uv": [0, 4.5, 0.5, 6.5], "texture": "#red"}
			}
		},
		{
			"from": [0, 10, 9.5],
			"to": [0.5, 13.5, 11.5],
			"faces": {
				"north": {"uv": [15.5, 2.5, 16, 6], "texture": "#red"},
				"west": {"uv": [9.5, 2.5, 11.5, 6], "texture": "#red", "cullface": "west"},
				"up": {"uv": [0, 9.5, 0.5, 11.5], "texture": "#red"},
				"down": {"uv": [0, 4.5, 0.5, 6.5], "texture": "#red"}
			}
		},
		{
			"from": [0, 12, 6.5],
			"to": [0.5, 13.5, 9.5],
			"faces": {
				"west": {"uv": [6.5, 2.5, 9.5, 4], "texture": "#red", "cullface": "west"},
				"up": {"uv": [0, 6.5, 0.5, 9.5], "texture": "#red"},
				"down": {"uv": [0, 6.5, 0.5, 9.5], "texture": "#red"}
			}
		},
		{
			"from": [0.5, 3.5, 0.5],
			"to": [1.5, 13.5, 15.5],
			"faces": {
				"east": {"uv": [0.5, 2.5, 15.5, 12.5], "texture": "#red"},
				"south": {"uv": [0.5, 2.5, 1.5, 12.5], "texture": "#red"},
				"west": {"uv": [0.5, 2.5, 15.5, 12.5], "texture": "#red"},
				"up": {"uv": [0.5, 0.5, 1.5, 15.5], "texture": "#red"},
				"down": {"uv": [0.5, 0.5, 1.5, 15.5], "texture": "#red"}
			}
		},
		{
			"from": [2.5, 0, 1],
			"to": [12.5, 0.5, 15],
			"faces": {
				"north": {"uv": [3.5, 15.5, 13.5, 16], "texture": "#red"},
				"east": {"uv": [1, 15.5, 15, 16], "texture": "#red"},
				"south": {"uv": [2.5, 15.5, 12.5, 16], "texture": "#red"},
				"west": {"uv": [1, 15.5, 15, 16], "texture": "#red"},
				"up": {"uv": [2.5, 1, 12.5, 15], "texture": "#red"},
				"down": {"uv": [2.5, 1, 12.5, 15], "texture": "#red", "cullface": "down"}
			}
		},
		{
			"from": [3, 0, 0.5],
			"to": [12, 0.5, 1],
			"faces": {
				"north": {"uv": [4, 15.5, 13, 16], "texture": "#red"},
				"east": {"uv": [15, 15.5, 15.5, 16], "texture": "#red"},
				"west": {"uv": [0.5, 15.5, 1, 16], "texture": "#red"},
				"up": {"uv": [3, 0.5, 12, 1], "texture": "#red"},
				"down": {"uv": [3, 15, 12, 15.5], "texture": "#red", "cullface": "down"}
			}
		},
		{
			"from": [3, 0, 15],
			"to": [12, 0.5, 15.5],
			"faces": {
				"east": {"uv": [0.5, 15.5, 1, 16], "texture": "#red"},
				"south": {"uv": [3, 15.5, 12, 16], "texture": "#red"},
				"west": {"uv": [15, 15.5, 15.5, 16], "texture": "#red"},
				"up": {"uv": [3, 15, 12, 15.5], "texture": "#red"},
				"down": {"uv": [3, 0.5, 12, 1], "texture": "#red", "cullface": "down"}
			}
		},
		{
			"from": [2.5, 0.5, 15.5],
			"to": [12.5, 3, 16],
			"faces": {
				"north": {"uv": [3.5, 13, 13.5, 15.5], "texture": "#red"},
				"east": {"uv": [0, 13, 0.5, 15.5], "texture": "#red"},
				"south": {"uv": [2.5, 13, 12.5, 15.5], "texture": "#red", "cullface": "south"},
				"west": {"uv": [15.5, 13, 16, 15.5], "texture": "#red"},
				"up": {"uv": [2.5, 15.5, 12.5, 16], "texture": "#red"},
				"down": {"uv": [2.5, 0, 12.5, 0.5], "texture": "#red"}
			}
		},
		{
			"from": [2.5, 0.5, 0],
			"to": [12.5, 3, 0.5],
			"faces": {
				"north": {"uv": [3.5, 13, 13.5, 15.5], "texture": "#red", "cullface": "north"},
				"east": {"uv": [15.5, 13, 16, 15.5], "texture": "#red"},
				"south": {"uv": [2.5, 13, 12.5, 15.5], "texture": "#red"},
				"west": {"uv": [0, 13, 0.5, 15.5], "texture": "#red"},
				"up": {"uv": [2.5, 0, 12.5, 0.5], "texture": "#red"},
				"down": {"uv": [2.5, 15.5, 12.5, 16], "texture": "#red"}
			}
		},
		{
			"from": [2, 0.5, 1],
			"to": [2.5, 3, 15],
			"faces": {
				"east": {"uv": [1, 13, 15, 15.5], "texture": "#red"},
				"west": {"uv": [1, 13, 15, 15.5], "texture": "#red"},
				"up": {"uv": [2, 1, 2.5, 15], "texture": "#red"},
				"down": {"uv": [2, 1, 2.5, 15], "texture": "#red"}
			}
		},
		{
			"from": [12.5, 0.5, 1],
			"to": [13, 3, 15],
			"faces": {
				"east": {"uv": [1, 13, 15, 15.5], "texture": "#red"},
				"west": {"uv": [1, 13, 15, 15.5], "texture": "#red"},
				"up": {"uv": [12.5, 1, 13, 15], "texture": "#red"},
				"down": {"uv": [12.5, 1, 13, 15], "texture": "#red"}
			}
		},
		{
			"from": [2, 0.5, 15],
			"to": [3, 3, 15.5],
			"faces": {
				"north": {"uv": [13, 13, 14, 15.5], "texture": "#red"},
				"east": {"uv": [0.5, 13, 1, 15.5], "texture": "#red"},
				"south": {"uv": [2, 13, 3, 15.5], "texture": "#red"},
				"west": {"uv": [15, 13, 15.5, 15.5], "texture": "#red"},
				"up": {"uv": [2, 15, 3, 15.5], "texture": "#red"},
				"down": {"uv": [2, 0.5, 3, 1], "texture": "#red"}
			}
		},
		{
			"from": [12, 0.5, 15],
			"to": [13, 3, 15.5],
			"faces": {
				"north": {"uv": [3, 13, 4, 15.5], "texture": "#red"},
				"east": {"uv": [0.5, 13, 1, 15.5], "texture": "#red"},
				"south": {"uv": [12, 13, 13, 15.5], "texture": "#red"},
				"west": {"uv": [15, 13, 15.5, 15.5], "texture": "#red"},
				"up": {"uv": [12, 15, 13, 15.5], "texture": "#red"},
				"down": {"uv": [12, 0.5, 13, 1], "texture": "#red"}
			}
		},
		{
			"from": [2, 0.5, 0.5],
			"to": [3, 3, 1],
			"faces": {
				"north": {"uv": [13, 13, 14, 15.5], "texture": "#red"},
				"east": {"uv": [15, 13, 15.5, 15.5], "texture": "#red"},
				"south": {"uv": [2, 13, 3, 15.5], "texture": "#red"},
				"west": {"uv": [0.5, 13, 1, 15.5], "texture": "#red"},
				"up": {"uv": [2, 0.5, 3, 1], "texture": "#red"},
				"down": {"uv": [2, 15, 3, 15.5], "texture": "#red"}
			}
		},
		{
			"from": [12, 0.5, 0.5],
			"to": [13, 3, 1],
			"faces": {
				"north": {"uv": [3, 13, 4, 15.5], "texture": "#red"},
				"east": {"uv": [15, 13, 15.5, 15.5], "texture": "#red"},
				"south": {"uv": [12, 13, 13, 15.5], "texture": "#red"},
				"west": {"uv": [0.5, 13, 1, 15.5], "texture": "#red"},
				"up": {"uv": [12, 0.5, 13, 1], "texture": "#red"},
				"down": {"uv": [12, 15, 13, 15.5], "texture": "#red"}
			}
		},
		{
			"from": [2, 3, 3],
			"to": [2.5, 3.5, 5],
			"faces": {
				"north": {"uv": [13.5, 12.5, 14, 13], "texture": "#red"},
				"east": {"uv": [11, 12.5, 13, 13], "texture": "#red"},
				"south": {"uv": [2, 12.5, 2.5, 13], "texture": "#red"},
				"up": {"uv": [2, 3, 2.5, 5], "texture": "#red"}
			}
		},
		{
			"from": [2, 3, 11],
			"to": [2.5, 3.5, 13],
			"faces": {
				"north": {"uv": [13.5, 12.5, 14, 13], "texture": "#red"},
				"east": {"uv": [3, 12.5, 5, 13], "texture": "#red"},
				"south": {"uv": [2, 12.5, 2.5, 13], "texture": "#red"},
				"up": {"uv": [2, 11, 2.5, 13], "texture": "#red"}
			}
		},
		{
			"from": [1.5, 2.5, 3],
			"to": [2, 3, 5],
			"faces": {
				"north": {"uv": [14, 13, 14.5, 13.5], "texture": "#red"},
				"south": {"uv": [1.5, 13, 2, 13.5], "texture": "#red"},
				"west": {"uv": [3, 13, 5, 13.5], "texture": "#red"},
				"down": {"uv": [1.5, 11, 2, 13], "texture": "#red"}
			}
		},
		{
			"from": [1.5, 2.5, 11],
			"to": [2, 3, 13],
			"faces": {
				"north": {"uv": [14, 13, 14.5, 13.5], "texture": "#red"},
				"south": {"uv": [1.5, 13, 2, 13.5], "texture": "#red"},
				"west": {"uv": [11, 13, 13, 13.5], "texture": "#red"},
				"down": {"uv": [1.5, 3, 2, 5], "texture": "#red"}
			}
		},
		{
			"from": [6.75, 0.8125, 8.75],
			"to": [7.5, 0.9375, 8.875],
			"faces": {
				"north": {"uv": [8.5, 15.0625, 9.25, 15.1875], "texture": "#red"},
				"west": {"uv": [8.75, 15.0625, 8.875, 15.1875], "texture": "#red"},
				"up": {"uv": [6.75, 8.75, 7.5, 8.875], "texture": "#red"}
			}
		},
		{
			"from": [8.375, 0.2031, 3.0625],
			"to": [9.625, 0.67185, 11.03125],
			"rotation": {"angle": 0, "axis": "x", "origin": [8.21875, 1.76563, 4.3125]},
			"faces": {
				"north": {"uv": [7.375, 9.82813, 8.625, 10.29688], "texture": "#4"},
				"east": {"uv": [5.96875, 9.82813, 13.9375, 10.29688], "texture": "#4"},
				"south": {"uv": [7.375, 9.82813, 8.625, 10.29688], "texture": "#4"},
				"west": {"uv": [2.0625, 9.82813, 10.03125, 10.29688], "texture": "#4"},
				"up": {"uv": [7.375, 2.0625, 8.625, 10.03125], "texture": "#4"},
				"down": {"uv": [7.375, 5.96875, 8.625, 13.9375], "texture": "#4"}
			}
		},
		{
			"from": [8.2188, 1.6875, 1.3438],
			"to": [9.7813, 1.84375, 14.62505],
			"rotation": {"angle": 0, "axis": "x", "origin": [8.21875, 1.76563, 4.3125]},
			"faces": {
				"north": {"uv": [7.21875, 8.65625, 8.78125, 8.8125], "texture": "#4"},
				"east": {"uv": [2.375, 8.65625, 15.65625, 8.8125], "texture": "#4"},
				"south": {"uv": [7.21875, 8.65625, 8.78125, 8.8125], "texture": "#4"},
				"west": {"uv": [0.34375, 8.65625, 13.625, 8.8125], "texture": "#4"},
				"up": {"uv": [7.21875, 0.34375, 8.78125, 13.625], "texture": "#4"},
				"down": {"uv": [7.21875, 2.375, 8.78125, 15.65625], "texture": "#4"}
			}
		},
		{
			"from": [8.2188, 0.90625, 0.5625],
			"to": [9.7813, 2.15625, 0.71875],
			"rotation": {"angle": 45, "axis": "x", "origin": [8.21875, 0.90625, 0.5625]},
			"faces": {
				"north": {"uv": [7.21875, 0, 8.78125, 0.92299], "rotation": 180, "texture": "#4", "cullface": "north"},
				"east": {"uv": [15.07701, 9.54799, 16, 9.70424], "rotation": 90, "texture": "#4", "cullface": "north"},
				"south": {"uv": [7.21875, 15.07701, 8.78125, 16], "texture": "#4", "cullface": "north"},
				"west": {"uv": [0, 9.54799, 0.92299, 9.70424], "rotation": 270, "texture": "#4", "cullface": "north"},
				"up": {"uv": [7.21875, 9.54799, 8.78125, 9.70424], "texture": "#4", "cullface": "north"},
				"down": {"uv": [7.21875, 9.54799, 8.78125, 9.70424], "rotation": 180, "texture": "#4", "cullface": "north"}
			}
		},
		{
			"from": [8.2188, 0.9063, 1.34375],
			"to": [9.7813, 2.1563, 1.5],
			"rotation": {"angle": 45, "axis": "x", "origin": [8.21875, 0.90625, 1.34375]},
			"faces": {
				"north": {"uv": [7.21875, 0.45424, 8.78125, 1.70424], "rotation": 180, "texture": "#4"},
				"east": {"uv": [14.29576, 9.54799, 15.54576, 9.70424], "rotation": 90, "texture": "#4"},
				"south": {"uv": [7.21875, 14.29576, 8.78125, 15.54576], "texture": "#4"},
				"west": {"uv": [0.45424, 9.54799, 1.70424, 9.70424], "rotation": 270, "texture": "#4"},
				"up": {"uv": [7.21875, 9.54799, 8.78125, 9.70424], "texture": "#4"},
				"down": {"uv": [7.21875, 9.54799, 8.78125, 9.70424], "rotation": 180, "texture": "#4"}
			}
		},
		{
			"from": [8.2188, 1.6875, 8.8437],
			"to": [9.7813, 1.84375, 10.0937],
			"rotation": {"angle": 45, "axis": "x", "origin": [8.21875, 1.84375, 8.84375]},
			"faces": {
				"north": {"uv": [7.21875, 8.61049, 8.78125, 8.76674], "texture": "#4"},
				"east": {"uv": [7.01674, 8.61049, 8.26674, 8.76674], "texture": "#4"},
				"south": {"uv": [7.21875, 8.61049, 8.78125, 8.76674], "texture": "#4"},
				"west": {"uv": [7.73326, 8.61049, 8.98326, 8.76674], "texture": "#4"},
				"up": {"uv": [7.21875, 7.73327, 8.78125, 8.98326], "texture": "#4"},
				"down": {"uv": [7.21875, 7.01674, 8.78125, 8.26674], "texture": "#4"}
			}
		},
		{
			"from": [8.2188, 0.9063, 0.71875],
			"to": [9.7813, 2.1563, 0.875],
			"rotation": {"angle": 45, "axis": "x", "origin": [8.21875, 0.90625, 0.71875]},
			"faces": {
				"north": {"uv": [7.21875, 0, 8.78125, 1.07924], "rotation": 180, "texture": "#4", "cullface": "north"},
				"east": {"uv": [14.92076, 9.54799, 16, 9.70424], "rotation": 90, "texture": "#4", "cullface": "north"},
				"south": {"uv": [7.21875, 14.92076, 8.78125, 16], "texture": "#4", "cullface": "north"},
				"west": {"uv": [0, 9.54799, 1.07924, 9.70424], "rotation": 270, "texture": "#4", "cullface": "north"},
				"up": {"uv": [7.21875, 9.54799, 8.78125, 9.70424], "texture": "#4", "cullface": "north"},
				"down": {"uv": [7.21875, 9.54799, 8.78125, 9.70424], "rotation": 180, "texture": "#4", "cullface": "north"}
			}
		},
		{
			"from": [8.2188, 0.90625, 0.875],
			"to": [9.7813, 2.15625, 1.03125],
			"rotation": {"angle": 45, "axis": "x", "origin": [8.21875, 0.90625, 0.875]},
			"faces": {
				"north": {"uv": [7.21875, 0, 8.78125, 1.23549], "rotation": 180, "texture": "#4", "cullface": "north"},
				"east": {"uv": [14.76451, 9.54799, 16, 9.70424], "rotation": 90, "texture": "#4", "cullface": "north"},
				"south": {"uv": [7.21875, 14.76451, 8.78125, 16], "texture": "#4", "cullface": "north"},
				"west": {"uv": [0, 9.54799, 1.23549, 9.70424], "rotation": 270, "texture": "#4", "cullface": "north"},
				"up": {"uv": [7.21875, 9.54799, 8.78125, 9.70424], "texture": "#4", "cullface": "north"},
				"down": {"uv": [7.21875, 9.54799, 8.78125, 9.70424], "rotation": 180, "texture": "#4", "cullface": "north"}
			}
		},
		{
			"from": [8.2188, 0.9062, 1.03125],
			"to": [9.7813, 2.1562, 1.1875],
			"rotation": {"angle": 45, "axis": "x", "origin": [8.21875, 0.90625, 1.03125]},
			"faces": {
				"north": {"uv": [7.21875, 0.14174, 8.78125, 1.39174], "rotation": 180, "texture": "#4"},
				"east": {"uv": [14.60826, 9.54799, 15.85826, 9.70424], "rotation": 90, "texture": "#4"},
				"south": {"uv": [7.21875, 14.60826, 8.78125, 15.85826], "texture": "#4"},
				"west": {"uv": [0.14174, 9.54799, 1.39174, 9.70424], "rotation": 270, "texture": "#4"},
				"up": {"uv": [7.21875, 9.54799, 8.78125, 9.70424], "texture": "#4"},
				"down": {"uv": [7.21875, 9.54799, 8.78125, 9.70424], "rotation": 180, "texture": "#4"}
			}
		},
		{
			"from": [8.2188, 0.90625, 1.1875],
			"to": [9.7813, 2.15625, 1.34375],
			"rotation": {"angle": 45, "axis": "x", "origin": [8.21875, 0.90625, 1.1875]},
			"faces": {
				"north": {"uv": [7.21875, 0.29799, 8.78125, 1.54799], "rotation": 180, "texture": "#4"},
				"east": {"uv": [14.45201, 9.54799, 15.70201, 9.70424], "rotation": 90, "texture": "#4"},
				"south": {"uv": [7.21875, 14.45201, 8.78125, 15.70201], "texture": "#4"},
				"west": {"uv": [0.29799, 9.54799, 1.54799, 9.70424], "rotation": 270, "texture": "#4"},
				"up": {"uv": [7.21875, 9.54799, 8.78125, 9.70424], "texture": "#4"},
				"down": {"uv": [7.21875, 9.54799, 8.78125, 9.70424], "rotation": 180, "texture": "#4"}
			}
		},
		{
			"from": [8.2188, 1.6875, 9],
			"to": [9.7813, 1.84375, 10.25],
			"rotation": {"angle": 45, "axis": "x", "origin": [8.21875, 1.84375, 9]},
			"faces": {
				"north": {"uv": [7.21875, 8.61049, 8.78125, 8.76674], "texture": "#4"},
				"east": {"uv": [6.86049, 8.61049, 8.11049, 8.76674], "texture": "#4"},
				"south": {"uv": [7.21875, 8.61049, 8.78125, 8.76674], "texture": "#4"},
				"west": {"uv": [7.88951, 8.61049, 9.13951, 8.76674], "texture": "#4"},
				"up": {"uv": [7.21875, 7.88952, 8.78125, 9.13951], "texture": "#4"},
				"down": {"uv": [7.21875, 6.86049, 8.78125, 8.11049], "texture": "#4"}
			}
		},
		{
			"from": [8.2188, 1.6875, 9.1562],
			"to": [9.7813, 1.84375, 10.4062],
			"rotation": {"angle": 45, "axis": "x", "origin": [8.21875, 1.84375, 9.15625]},
			"faces": {
				"north": {"uv": [7.21875, 8.61049, 8.78125, 8.76674], "texture": "#4"},
				"east": {"uv": [6.70424, 8.61049, 7.95424, 8.76674], "texture": "#4"},
				"south": {"uv": [7.21875, 8.61049, 8.78125, 8.76674], "texture": "#4"},
				"west": {"uv": [8.04576, 8.61049, 9.29576, 8.76674], "texture": "#4"},
				"up": {"uv": [7.21875, 8.04576, 8.78125, 9.29576], "texture": "#4"},
				"down": {"uv": [7.21875, 6.70424, 8.78125, 7.95424], "texture": "#4"}
			}
		},
		{
			"from": [8.2188, 1.6875, 9.3125],
			"to": [9.7813, 1.84375, 10.5625],
			"rotation": {"angle": 45, "axis": "x", "origin": [8.21875, 1.84375, 9.3125]},
			"faces": {
				"north": {"uv": [7.21875, 8.61049, 8.78125, 8.76674], "texture": "#4"},
				"east": {"uv": [6.54799, 8.61049, 7.79799, 8.76674], "texture": "#4"},
				"south": {"uv": [7.21875, 8.61049, 8.78125, 8.76674], "texture": "#4"},
				"west": {"uv": [8.20201, 8.61049, 9.45201, 8.76674], "texture": "#4"},
				"up": {"uv": [7.21875, 8.20201, 8.78125, 9.45201], "texture": "#4"},
				"down": {"uv": [7.21875, 6.54799, 8.78125, 7.79799], "texture": "#4"}
			}
		},
		{
			"from": [8.2188, 1.6875, 9.4688],
			"to": [9.7813, 1.84375, 10.7188],
			"rotation": {"angle": 45, "axis": "x", "origin": [8.21875, 1.84375, 9.46875]},
			"faces": {
				"north": {"uv": [7.21875, 8.61049, 8.78125, 8.76674], "texture": "#4"},
				"east": {"uv": [6.39174, 8.61049, 7.64174, 8.76674], "texture": "#4"},
				"south": {"uv": [7.21875, 8.61049, 8.78125, 8.76674], "texture": "#4"},
				"west": {"uv": [8.35826, 8.61049, 9.60826, 8.76674], "texture": "#4"},
				"up": {"uv": [7.21875, 8.35826, 8.78125, 9.60826], "texture": "#4"},
				"down": {"uv": [7.21875, 6.39174, 8.78125, 7.64174], "texture": "#4"}
			}
		},
		{
			"from": [8.2188, 1.1406, 4.625],
			"to": [9.7813, 1.21873, 5.48438],
			"rotation": {"angle": 0, "axis": "x", "origin": [8.21875, 1.76563, 4.3125]},
			"faces": {
				"north": {"uv": [7.21875, 9.28125, 8.78125, 9.35938], "texture": "#4"},
				"east": {"uv": [11.51563, 9.28125, 12.375, 9.35938], "texture": "#4"},
				"south": {"uv": [7.21875, 9.28125, 8.78125, 9.35938], "texture": "#4"},
				"west": {"uv": [3.625, 9.28125, 4.48438, 9.35938], "texture": "#4"},
				"up": {"uv": [7.21875, 3.625, 8.78125, 4.48438], "texture": "#4"},
				"down": {"uv": [7.21875, 11.51563, 8.78125, 12.375], "texture": "#4"}
			}
		},
		{
			"from": [8.2188, 1.29685, 5.32816],
			"to": [9.7813, 1.99998, 5.48441],
			"rotation": {"angle": 45, "axis": "x", "origin": [8.21875, 1.29688, 5.32813]},
			"faces": {
				"north": {"uv": [7.21875, 4.43861, 8.78125, 5.14174], "rotation": 180, "texture": "#4"},
				"east": {"uv": [10.85826, 9.15736, 11.56139, 9.31361], "rotation": 90, "texture": "#4"},
				"south": {"uv": [7.21875, 10.85826, 8.78125, 11.56139], "texture": "#4"},
				"west": {"uv": [4.43861, 9.15736, 5.14174, 9.31361], "rotation": 270, "texture": "#4"},
				"up": {"uv": [7.21875, 9.15736, 8.78125, 9.31361], "texture": "#4"},
				"down": {"uv": [7.21875, 9.15736, 8.78125, 9.31361], "rotation": 180, "texture": "#4"}
			}
		},
		{
			"from": [8.2188, 1.29693, 5.09378],
			"to": [9.7813, 2.00006, 5.25003],
			"rotation": {"angle": 45, "axis": "x", "origin": [8.21875, 1.29688, 5.09375]},
			"faces": {
				"north": {"uv": [7.21875, 4.20424, 8.78125, 4.90736], "rotation": 180, "texture": "#4"},
				"east": {"uv": [11.09264, 9.15736, 11.79576, 9.31361], "rotation": 90, "texture": "#4"},
				"south": {"uv": [7.21875, 11.09264, 8.78125, 11.79576], "texture": "#4"},
				"west": {"uv": [4.20424, 9.15736, 4.90736, 9.31361], "rotation": 270, "texture": "#4"},
				"up": {"uv": [7.21875, 9.15736, 8.78125, 9.31361], "texture": "#4"},
				"down": {"uv": [7.21875, 9.15736, 8.78125, 9.31361], "rotation": 180, "texture": "#4"}
			}
		},
		{
			"from": [8.2188, 1.2969, 4.85941],
			"to": [9.7813, 2.00003, 5.01566],
			"rotation": {"angle": 45, "axis": "x", "origin": [8.21875, 1.29688, 4.85938]},
			"faces": {
				"north": {"uv": [7.21875, 3.96986, 8.78125, 4.67299], "rotation": 180, "texture": "#4"},
				"east": {"uv": [11.32701, 9.15736, 12.03014, 9.31361], "rotation": 90, "texture": "#4"},
				"south": {"uv": [7.21875, 11.32701, 8.78125, 12.03014], "texture": "#4"},
				"west": {"uv": [3.96986, 9.15736, 4.67299, 9.31361], "rotation": 270, "texture": "#4"},
				"up": {"uv": [7.21875, 9.15736, 8.78125, 9.31361], "texture": "#4"},
				"down": {"uv": [7.21875, 9.15736, 8.78125, 9.31361], "rotation": 180, "texture": "#4"}
			}
		},
		{
			"from": [8.2188, 1.6094, 4.3906],
			"to": [9.7813, 1.76565, 5.0156],
			"rotation": {"angle": 45, "axis": "x", "origin": [8.21875, 1.76563, 4.39063]},
			"faces": {
				"north": {"uv": [7.21875, 8.68861, 8.78125, 8.84486], "texture": "#4"},
				"east": {"uv": [12.09486, 8.68861, 12.71986, 8.84486], "texture": "#4"},
				"south": {"uv": [7.21875, 8.68861, 8.78125, 8.84486], "texture": "#4"},
				"west": {"uv": [3.28014, 8.68861, 3.90514, 8.84486], "texture": "#4"},
				"up": {"uv": [7.21875, 3.28014, 8.78125, 3.90514], "texture": "#4"},
				"down": {"uv": [7.21875, 12.09486, 8.78125, 12.71986], "texture": "#4"}
			}
		},
		{
			"from": [8.2188, 1.6094, 4.5469],
			"to": [9.7813, 1.76565, 5.1719],
			"rotation": {"angle": 45, "axis": "x", "origin": [8.21875, 1.76563, 4.54688]},
			"faces": {
				"north": {"uv": [7.21875, 8.68861, 8.78125, 8.84486], "texture": "#4"},
				"east": {"uv": [11.93861, 8.68861, 12.56361, 8.84486], "texture": "#4"},
				"south": {"uv": [7.21875, 8.68861, 8.78125, 8.84486], "texture": "#4"},
				"west": {"uv": [3.43639, 8.68861, 4.06139, 8.84486], "texture": "#4"},
				"up": {"uv": [7.21875, 3.43639, 8.78125, 4.06139], "texture": "#4"},
				"down": {"uv": [7.21875, 11.93861, 8.78125, 12.56361], "texture": "#4"}
			}
		},
		{
			"from": [8.2188, 1.6094, 4.3125],
			"to": [9.7813, 1.76565, 4.9375],
			"rotation": {"angle": 45, "axis": "x", "origin": [8.21875, 1.76563, 4.3125]},
			"faces": {
				"north": {"uv": [7.21875, 8.68861, 8.78125, 8.84486], "texture": "#4"},
				"east": {"uv": [12.17299, 8.68861, 12.79799, 8.84486], "texture": "#4"},
				"south": {"uv": [7.21875, 8.68861, 8.78125, 8.84486], "texture": "#4"},
				"west": {"uv": [3.20202, 8.68861, 3.82702, 8.84486], "texture": "#4"},
				"up": {"uv": [7.21875, 3.20202, 8.78125, 3.82702], "texture": "#4"},
				"down": {"uv": [7.21875, 12.17299, 8.78125, 12.79799], "texture": "#4"}
			}
		},
		{
			"from": [8.375, 1.8438, 3.375],
			"to": [9.625, 2.00005, 3.53125],
			"rotation": {"angle": 0, "axis": "x", "origin": [8.21875, 1.76563, 4.3125]},
			"faces": {
				"north": {"uv": [7.375, 8.5, 8.625, 8.65625], "texture": "#4"},
				"east": {"uv": [13.46875, 8.5, 13.625, 8.65625], "texture": "#4"},
				"south": {"uv": [7.375, 8.5, 8.625, 8.65625], "texture": "#4"},
				"west": {"uv": [2.375, 8.5, 2.53125, 8.65625], "texture": "#4"},
				"up": {"uv": [7.375, 2.375, 8.625, 2.53125], "texture": "#4"},
				"down": {"uv": [7.375, 13.46875, 8.625, 13.625], "texture": "#4"}
			}
		},
		{
			"from": [8.375, 1.8438, 3.0625],
			"to": [9.625, 2.00005, 3.21875],
			"rotation": {"angle": 0, "axis": "x", "origin": [8.21875, 1.76563, 4.3125]},
			"faces": {
				"north": {"uv": [7.375, 8.5, 8.625, 8.65625], "texture": "#4"},
				"east": {"uv": [13.78125, 8.5, 13.9375, 8.65625], "texture": "#4"},
				"south": {"uv": [7.375, 8.5, 8.625, 8.65625], "texture": "#4"},
				"west": {"uv": [2.0625, 8.5, 2.21875, 8.65625], "texture": "#4"},
				"up": {"uv": [7.375, 2.0625, 8.625, 2.21875], "texture": "#4"},
				"down": {"uv": [7.375, 13.78125, 8.625, 13.9375], "texture": "#4"}
			}
		},
		{
			"from": [8.375, 1.8438, 7.75],
			"to": [9.625, 2.00005, 7.90625],
			"rotation": {"angle": 0, "axis": "x", "origin": [8.21875, 1.76563, 4.3125]},
			"faces": {
				"north": {"uv": [7.375, 8.5, 8.625, 8.65625], "texture": "#4"},
				"east": {"uv": [9.09375, 8.5, 9.25, 8.65625], "texture": "#4"},
				"south": {"uv": [7.375, 8.5, 8.625, 8.65625], "texture": "#4"},
				"west": {"uv": [6.75, 8.5, 6.90625, 8.65625], "texture": "#4"},
				"up": {"uv": [7.375, 6.75, 8.625, 6.90625], "texture": "#4"},
				"down": {"uv": [7.375, 9.09375, 8.625, 9.25], "texture": "#4"}
			}
		},
		{
			"from": [8.375, 1.8438, 7.4375],
			"to": [9.625, 2.00005, 7.59375],
			"rotation": {"angle": 0, "axis": "x", "origin": [8.21875, 1.76563, 4.3125]},
			"faces": {
				"north": {"uv": [7.375, 8.5, 8.625, 8.65625], "texture": "#4"},
				"east": {"uv": [9.40625, 8.5, 9.5625, 8.65625], "texture": "#4"},
				"south": {"uv": [7.375, 8.5, 8.625, 8.65625], "texture": "#4"},
				"west": {"uv": [6.4375, 8.5, 6.59375, 8.65625], "texture": "#4"},
				"up": {"uv": [7.375, 6.4375, 8.625, 6.59375], "texture": "#4"},
				"down": {"uv": [7.375, 9.40625, 8.625, 9.5625], "texture": "#4"}
			}
		},
		{
			"from": [8.375, 1.8438, 7.125],
			"to": [9.625, 2.00005, 7.28125],
			"rotation": {"angle": 0, "axis": "x", "origin": [8.21875, 1.76563, 4.3125]},
			"faces": {
				"north": {"uv": [7.375, 8.5, 8.625, 8.65625], "texture": "#4"},
				"east": {"uv": [9.71875, 8.5, 9.875, 8.65625], "texture": "#4"},
				"south": {"uv": [7.375, 8.5, 8.625, 8.65625], "texture": "#4"},
				"west": {"uv": [6.125, 8.5, 6.28125, 8.65625], "texture": "#4"},
				"up": {"uv": [7.375, 6.125, 8.625, 6.28125], "texture": "#4"},
				"down": {"uv": [7.375, 9.71875, 8.625, 9.875], "texture": "#4"}
			}
		},
		{
			"from": [8.375, 1.8438, 6.8125],
			"to": [9.625, 2.00005, 6.96875],
			"rotation": {"angle": 0, "axis": "x", "origin": [8.21875, 1.76563, 4.3125]},
			"faces": {
				"north": {"uv": [7.375, 8.5, 8.625, 8.65625], "texture": "#4"},
				"east": {"uv": [10.03125, 8.5, 10.1875, 8.65625], "texture": "#4"},
				"south": {"uv": [7.375, 8.5, 8.625, 8.65625], "texture": "#4"},
				"west": {"uv": [5.8125, 8.5, 5.96875, 8.65625], "texture": "#4"},
				"up": {"uv": [7.375, 5.8125, 8.625, 5.96875], "texture": "#4"},
				"down": {"uv": [7.375, 10.03125, 8.625, 10.1875], "texture": "#4"}
			}
		},
		{
			"from": [8.375, 1.8438, 12.4375],
			"to": [9.625, 2.00005, 12.59375],
			"rotation": {"angle": 0, "axis": "x", "origin": [8.21875, 1.76563, 4.3125]},
			"faces": {
				"north": {"uv": [7.375, 8.5, 8.625, 8.65625], "texture": "#4"},
				"east": {"uv": [4.40625, 8.5, 4.5625, 8.65625], "texture": "#4"},
				"south": {"uv": [7.375, 8.5, 8.625, 8.65625], "texture": "#4"},
				"west": {"uv": [11.4375, 8.5, 11.59375, 8.65625], "texture": "#4"},
				"up": {"uv": [7.375, 11.4375, 8.625, 11.59375], "texture": "#4"},
				"down": {"uv": [7.375, 4.40625, 8.625, 4.5625], "texture": "#4"}
			}
		},
		{
			"from": [8.375, 1.8438, 12.125],
			"to": [9.625, 2.00005, 12.28125],
			"rotation": {"angle": 0, "axis": "x", "origin": [8.21875, 1.76563, 4.3125]},
			"faces": {
				"north": {"uv": [7.375, 8.5, 8.625, 8.65625], "texture": "#4"},
				"east": {"uv": [4.71875, 8.5, 4.875, 8.65625], "texture": "#4"},
				"south": {"uv": [7.375, 8.5, 8.625, 8.65625], "texture": "#4"},
				"west": {"uv": [11.125, 8.5, 11.28125, 8.65625], "texture": "#4"},
				"up": {"uv": [7.375, 11.125, 8.625, 11.28125], "texture": "#4"},
				"down": {"uv": [7.375, 4.71875, 8.625, 4.875], "texture": "#4"}
			}
		},
		{
			"from": [8.375, 1.8438, 11.8125],
			"to": [9.625, 2.00005, 11.96875],
			"rotation": {"angle": 0, "axis": "x", "origin": [8.21875, 1.76563, 4.3125]},
			"faces": {
				"north": {"uv": [7.375, 8.5, 8.625, 8.65625], "texture": "#4"},
				"east": {"uv": [5.03125, 8.5, 5.1875, 8.65625], "texture": "#4"},
				"south": {"uv": [7.375, 8.5, 8.625, 8.65625], "texture": "#4"},
				"west": {"uv": [10.8125, 8.5, 10.96875, 8.65625], "texture": "#4"},
				"up": {"uv": [7.375, 10.8125, 8.625, 10.96875], "texture": "#4"},
				"down": {"uv": [7.375, 5.03125, 8.625, 5.1875], "texture": "#4"}
			}
		},
		{
			"from": [8.375, 1.8438, 11.5],
			"to": [9.625, 2.00005, 11.65625],
			"rotation": {"angle": 0, "axis": "x", "origin": [8.21875, 1.76563, 4.3125]},
			"faces": {
				"north": {"uv": [7.375, 8.5, 8.625, 8.65625], "texture": "#4"},
				"east": {"uv": [5.34375, 8.5, 5.5, 8.65625], "texture": "#4"},
				"south": {"uv": [7.375, 8.5, 8.625, 8.65625], "texture": "#4"},
				"west": {"uv": [10.5, 8.5, 10.65625, 8.65625], "texture": "#4"},
				"up": {"uv": [7.375, 10.5, 8.625, 10.65625], "texture": "#4"},
				"down": {"uv": [7.375, 5.34375, 8.625, 5.5], "texture": "#4"}
			}
		},
		{
			"from": [8.375, 1.8438, 11.1875],
			"to": [9.625, 2.00005, 11.34375],
			"rotation": {"angle": 0, "axis": "x", "origin": [8.21875, 1.76563, 4.3125]},
			"faces": {
				"north": {"uv": [7.375, 8.5, 8.625, 8.65625], "texture": "#4"},
				"east": {"uv": [5.65625, 8.5, 5.8125, 8.65625], "texture": "#4"},
				"south": {"uv": [7.375, 8.5, 8.625, 8.65625], "texture": "#4"},
				"west": {"uv": [10.1875, 8.5, 10.34375, 8.65625], "texture": "#4"},
				"up": {"uv": [7.375, 10.1875, 8.625, 10.34375], "texture": "#4"},
				"down": {"uv": [7.375, 5.65625, 8.625, 5.8125], "texture": "#4"}
			}
		},
		{
			"from": [8.2188, 1.2188, 4.625],
			"to": [9.7813, 1.68755, 5.40625],
			"rotation": {"angle": 0, "axis": "x", "origin": [8.21875, 1.76563, 4.3125]},
			"faces": {
				"north": {"uv": [7.21875, 8.8125, 8.78125, 9.28125], "texture": "#4"},
				"east": {"uv": [11.59375, 8.8125, 12.375, 9.28125], "texture": "#4"},
				"south": {"uv": [7.21875, 8.8125, 8.78125, 9.28125], "texture": "#4"},
				"west": {"uv": [3.625, 8.8125, 4.40625, 9.28125], "texture": "#4"},
				"up": {"uv": [7.21875, 3.625, 8.78125, 4.40625], "texture": "#4"},
				"down": {"uv": [7.21875, 11.59375, 8.78125, 12.375], "texture": "#4"}
			}
		},
		{
			"from": [8.2188, 0.8281, 9.5469],
			"to": [9.7813, 0.90623, 10.95315],
			"rotation": {"angle": 0, "axis": "x", "origin": [8.21875, 1.76563, 4.3125]},
			"faces": {
				"north": {"uv": [7.21875, 9.59375, 8.78125, 9.67188], "texture": "#4"},
				"east": {"uv": [6.04688, 9.59375, 7.45313, 9.67188], "texture": "#4"},
				"south": {"uv": [7.21875, 9.59375, 8.78125, 9.67188], "texture": "#4"},
				"west": {"uv": [8.54688, 9.59375, 9.95313, 9.67188], "texture": "#4"},
				"up": {"uv": [7.21875, 8.54688, 8.78125, 9.95313], "texture": "#4"},
				"down": {"uv": [7.21875, 6.04688, 8.78125, 7.45313], "texture": "#4"}
			}
		},
		{
			"from": [8.1406, 0.8281, 0.5625],
			"to": [9.85935, 0.90623, 1.5],
			"rotation": {"angle": 0, "axis": "x", "origin": [8.21875, 1.76563, 4.3125]},
			"faces": {
				"north": {"uv": [7.14063, 9.59375, 8.85938, 9.67188], "texture": "#4", "cullface": "north"},
				"east": {"uv": [15.5, 9.59375, 16, 9.67188], "texture": "#4", "cullface": "north"},
				"south": {"uv": [7.14063, 9.59375, 8.85938, 9.67188], "texture": "#4", "cullface": "north"},
				"west": {"uv": [0, 9.59375, 0.5, 9.67188], "texture": "#4", "cullface": "north"},
				"up": {"uv": [7.14063, 0, 8.85938, 0.5], "texture": "#4", "cullface": "north"},
				"down": {"uv": [7.14063, 15.5, 8.85938, 16], "texture": "#4", "cullface": "north"}
			}
		},
		{
			"from": [6.6875, 1.625, 4],
			"to": [7.3125, 2.25, 13],
			"rotation": {"angle": 0, "axis": "y", "origin": [7, 3, 22]},
			"faces": {
				"north": {"uv": [7.75, 6.75, 8.25, 7.25], "texture": "#texture2"},
				"east": {"uv": [0, 6.75, 9, 7.25], "texture": "#texture2"},
				"south": {"uv": [7.75, 6.75, 8.25, 7.25], "texture": "#texture2"},
				"west": {"uv": [7, 6.75, 16, 7.25], "texture": "#texture2"},
				"up": {"uv": [7.875, 7, 8.375, 16], "texture": "#texture2"},
				"down": {"uv": [7.875, 7, 8.375, 16], "texture": "#texture2"}
			}
		},
		{
			"from": [6.625, 1.5625, 8.875],
			"to": [7.375, 2.3125, 10.125],
			"rotation": {"angle": 0, "axis": "y", "origin": [7, 3, 22]},
			"faces": {
				"north": {"uv": [7.6875, 5.6875, 8.3125, 6.3125], "texture": "#texture2"},
				"east": {"uv": [0, 5.6875, 0.875, 6.3125], "texture": "#texture2"},
				"south": {"uv": [7.6875, 5.6875, 8.3125, 6.3125], "texture": "#texture2"},
				"west": {"uv": [15.125, 5.875, 16, 6.5], "texture": "#texture2"},
				"up": {"uv": [7.75, 15.125, 8.375, 16], "texture": "#texture2"},
				"down": {"uv": [7.75, 15.125, 8.375, 16], "texture": "#texture2"}
			}
		},
		{
			"from": [6.625, 1.5625, 12.625],
			"to": [7.375, 2.3125, 13],
			"rotation": {"angle": 0, "axis": "y", "origin": [7, 3, 22]},
			"faces": {
				"north": {"uv": [7.6875, 6.6875, 8.3125, 7.3125], "texture": "#texture2"},
				"east": {"uv": [0, 6.6875, 0.375, 7.3125], "texture": "#texture2"},
				"south": {"uv": [7.6875, 6.6875, 8.3125, 7.3125], "texture": "#texture2"},
				"west": {"uv": [0, 6.6875, 0.375, 7.3125], "texture": "#texture2"},
				"up": {"uv": [7.6875, 0, 8.3125, 0.375], "texture": "#texture2"},
				"down": {"uv": [7.6875, 0, 8.3125, 0.375], "texture": "#texture2"}
			}
		},
		{
			"from": [6.625, 1.5625, 4.25],
			"to": [7.375, 2.3125, 5.25],
			"rotation": {"angle": 0, "axis": "y", "origin": [7, 3, 22]},
			"faces": {
				"north": {"uv": [7.6875, 5.6875, 8.3125, 6.3125], "texture": "#texture2"},
				"east": {"uv": [0, 5.6875, 0.875, 6.3125], "texture": "#texture2"},
				"south": {"uv": [7.6875, 5.6875, 8.3125, 6.3125], "texture": "#texture2"},
				"west": {"uv": [15.125, 5.875, 16, 6.5], "texture": "#texture2"},
				"up": {"uv": [7.75, 15.125, 8.375, 16], "texture": "#texture2"},
				"down": {"uv": [7.75, 15.125, 8.375, 16], "texture": "#texture2"}
			}
		},
		{
			"from": [6.625, 1.5625, 1.625],
			"to": [7.375, 2.3125, 4],
			"rotation": {"angle": 0, "axis": "y", "origin": [7, 3, 22]},
			"faces": {
				"north": {"uv": [7.625, 6.6875, 8.375, 7.4375], "texture": "#texture2"},
				"east": {"uv": [2, 6.6875, 4.375, 7.4375], "texture": "#texture2"},
				"south": {"uv": [7.625, 6.6875, 8.375, 7.4375], "texture": "#texture2"},
				"west": {"uv": [11.625, 6.75, 14, 7.5], "texture": "#texture2"},
				"up": {"uv": [7.625, 3, 8.375, 5.375], "texture": "#texture2"},
				"down": {"uv": [7.625, 3, 8.375, 5.375], "texture": "#texture2"}
			}
		},
		{
			"from": [6.75, 2.3125, 4.3125],
			"to": [7.25, 4.0625, 4.5625],
			"rotation": {"angle": 0, "axis": "y", "origin": [7, 3, 22]},
			"faces": {
				"north": {"uv": [7.75, 9, 8.25, 10.75], "texture": "#texture2"},
				"east": {"uv": [13.375, 9, 13.625, 10.75], "texture": "#texture2"},
				"south": {"uv": [7.75, 9, 8.25, 10.75], "texture": "#texture2"},
				"west": {"uv": [2.375, 9, 2.625, 10.75], "texture": "#texture2"},
				"up": {"uv": [7.75, 2.375, 8.25, 2.625], "texture": "#texture2"},
				"down": {"uv": [8.25, 2.625, 7.75, 2.375], "texture": "#texture2"}
			}
		},
		{
			"from": [6.75, 1.875, 4.3125],
			"to": [7.25, 3.625, 4.5625],
			"rotation": {"angle": -22.5, "axis": "x", "origin": [6.75005, 3.625, 4.3125]},
			"faces": {
				"north": {"uv": [7.75, 9.125, 8.25, 10.875], "texture": "#texture2"},
				"east": {"uv": [13.375, 9.125, 13.625, 10.875], "texture": "#texture2"},
				"south": {"uv": [7.75, 9.125, 8.25, 10.875], "texture": "#texture2"},
				"west": {"uv": [2.375, 9.125, 2.625, 10.875], "texture": "#texture2"},
				"up": {"uv": [7.75, 2.375, 8.25, 2.625], "texture": "#texture2"},
				"down": {"uv": [8.25, 2.625, 7.75, 2.375], "texture": "#texture2"}
			}
		},
		{
			"from": [6.75, 2.6875, 4.5],
			"to": [7.25, 3.0625, 4.75],
			"rotation": {"angle": 0, "axis": "y", "origin": [7, 3, 22]},
			"faces": {
				"north": {"uv": [7.75, 9.75, 8.25, 10.125], "texture": "#texture2"},
				"east": {"uv": [13.125, 9.75, 13.375, 10.125], "texture": "#texture2"},
				"south": {"uv": [7.75, 9.75, 8.25, 10.125], "texture": "#texture2"},
				"west": {"uv": [2.625, 9.75, 2.875, 10.125], "texture": "#texture2"},
				"up": {"uv": [7.75, 2.625, 8.25, 2.875], "texture": "#texture2"},
				"down": {"uv": [8.25, 2.875, 7.75, 2.625], "texture": "#texture2"}
			}
		},
		{
			"from": [6.9375, 3.9375, 4.375],
			"to": [7.0625, 4.4375, 4.5],
			"rotation": {"angle": 0, "axis": "y", "origin": [7, 3, 22]},
			"faces": {
				"north": {"uv": [7.9375, 4.5625, 8.0625, 5.0625], "texture": "#texture2"},
				"east": {"uv": [0, 4.5625, 0.125, 5.0625], "texture": "#texture2"},
				"south": {"uv": [7.9375, 4.5625, 8.0625, 5.0625], "texture": "#texture2"},
				"west": {"uv": [0, 4.5625, 0.125, 5.0625], "texture": "#texture2"},
				"up": {"uv": [7.9375, 0, 8.0625, 0.125], "texture": "#texture2"},
				"down": {"uv": [7.9375, 0, 8.0625, 0.125], "texture": "#texture2"}
			}
		},
		{
			"from": [6.625, 4.125, 4.3125],
			"to": [6.75, 4.5, 4.5625],
			"rotation": {"angle": 0, "axis": "y", "origin": [7, 3, 22]},
			"faces": {
				"north": {"uv": [7.625, 4.5, 7.75, 4.875], "texture": "#texture2"},
				"east": {"uv": [0, 4.5, 0.25, 4.875], "texture": "#texture2"},
				"south": {"uv": [7.625, 4.5, 7.75, 4.875], "texture": "#texture2"},
				"west": {"uv": [0, 4.5, 0.25, 4.875], "texture": "#texture2"},
				"up": {"uv": [7.625, 0, 7.75, 0.25], "texture": "#texture2"},
				"down": {"uv": [7.625, 0, 7.75, 0.25], "texture": "#texture2"}
			}
		},
		{
			"from": [7.25, 4.125, 4.3125],
			"to": [7.375, 4.5, 4.5625],
			"rotation": {"angle": 0, "axis": "y", "origin": [7, 3, 22]},
			"faces": {
				"north": {"uv": [8.25, 4.5, 8.375, 4.875], "texture": "#texture2"},
				"east": {"uv": [0, 4.5, 0.25, 4.875], "texture": "#texture2"},
				"south": {"uv": [8.25, 4.5, 8.375, 4.875], "texture": "#texture2"},
				"west": {"uv": [0, 4.5, 0.25, 4.875], "texture": "#texture2"},
				"up": {"uv": [8.25, 0, 8.375, 0.25], "texture": "#texture2"},
				"down": {"uv": [8.25, 0, 8.375, 0.25], "texture": "#texture2"}
			}
		},
		{
			"from": [6.625, 3.875, 4.3125],
			"to": [6.75, 4.125, 4.5625],
			"rotation": {"angle": 45, "axis": "z", "origin": [6.625, 4.125, 4.31255]},
			"faces": {
				"north": {"uv": [7.625, 4.875, 7.75, 5.125], "texture": "#texture2"},
				"east": {"uv": [0, 4.875, 0.25, 5.125], "texture": "#texture2"},
				"south": {"uv": [7.625, 4.875, 7.75, 5.125], "texture": "#texture2"},
				"west": {"uv": [0, 4.875, 0.25, 5.125], "texture": "#texture2"},
				"up": {"uv": [7.625, 0, 7.75, 0.25], "texture": "#texture2"},
				"down": {"uv": [7.625, 0, 7.75, 0.25], "texture": "#texture2"}
			}
		},
		{
			"from": [7.285, 3.9625, 4.3125],
			"to": [7.41, 4.2125, 4.5625],
			"rotation": {"angle": -45, "axis": "z", "origin": [7.285, 4.2125, 4.31255]},
			"faces": {
				"north": {"uv": [7.625, 4.875, 7.75, 5.125], "texture": "#texture2"},
				"east": {"uv": [0, 4.875, 0.25, 5.125], "texture": "#texture2"},
				"south": {"uv": [7.625, 4.875, 7.75, 5.125], "texture": "#texture2"},
				"west": {"uv": [0, 4.875, 0.25, 5.125], "texture": "#texture2"},
				"up": {"uv": [7.625, 0, 7.75, 0.25], "texture": "#texture2"},
				"down": {"uv": [7.625, 0, 7.75, 0.25], "texture": "#texture2"}
			}
		},
		{
			"from": [7.1095, 4.3375, 4.3125],
			"to": [7.2345, 4.5875, 4.5625],
			"rotation": {"angle": 45, "axis": "z", "origin": [7.1095, 4.5875, 4.31255]},
			"faces": {
				"north": {"uv": [7.625, 4.875, 7.75, 5.125], "texture": "#texture2"},
				"east": {"uv": [0, 4.875, 0.25, 5.125], "texture": "#texture2"},
				"south": {"uv": [7.625, 4.875, 7.75, 5.125], "texture": "#texture2"},
				"west": {"uv": [0, 4.875, 0.25, 5.125], "texture": "#texture2"},
				"up": {"uv": [7.625, 0, 7.75, 0.25], "texture": "#texture2"},
				"down": {"uv": [7.625, 0, 7.75, 0.25], "texture": "#texture2"}
			}
		},
		{
			"from": [6.802, 4.425, 4.3125],
			"to": [6.927, 4.675, 4.5625],
			"rotation": {"angle": -45, "axis": "z", "origin": [6.802, 4.675, 4.31255]},
			"faces": {
				"north": {"uv": [7.625, 4.875, 7.75, 5.125], "texture": "#texture2"},
				"east": {"uv": [0, 4.875, 0.25, 5.125], "texture": "#texture2"},
				"south": {"uv": [7.625, 4.875, 7.75, 5.125], "texture": "#texture2"},
				"west": {"uv": [0, 4.875, 0.25, 5.125], "texture": "#texture2"},
				"up": {"uv": [7.625, 0, 7.75, 0.25], "texture": "#texture2"},
				"down": {"uv": [7.625, 0, 7.75, 0.25], "texture": "#texture2"}
			}
		},
		{
			"from": [6.875, 1.25, 4.5],
			"to": [7.125, 1.625, 4.875],
			"rotation": {"angle": 0, "axis": "y", "origin": [7, 3, 22]},
			"faces": {
				"north": {"uv": [7.6875, 5.6875, 8.3125, 6.3125], "texture": "#texture2"},
				"east": {"uv": [0, 5.6875, 0.875, 6.3125], "texture": "#texture2"},
				"south": {"uv": [7.6875, 5.6875, 8.3125, 6.3125], "texture": "#texture2"},
				"west": {"uv": [15.125, 5.875, 16, 6.5], "texture": "#texture2"},
				"up": {"uv": [7.75, 15.125, 8.375, 16], "texture": "#texture2"},
				"down": {"uv": [7.75, 15.125, 8.375, 16], "texture": "#texture2"}
			}
		},
		{
			"from": [6.875, 1.25, 9.125],
			"to": [7.125, 1.625, 9.5],
			"rotation": {"angle": 0, "axis": "y", "origin": [7, 3, 22]},
			"faces": {
				"north": {"uv": [7.6875, 5.6875, 8.3125, 6.3125], "texture": "#texture2"},
				"east": {"uv": [0, 5.6875, 0.875, 6.3125], "texture": "#texture2"},
				"south": {"uv": [7.6875, 5.6875, 8.3125, 6.3125], "texture": "#texture2"},
				"west": {"uv": [15.125, 5.875, 16, 6.5], "texture": "#texture2"},
				"up": {"uv": [7.75, 15.125, 8.375, 16], "texture": "#texture2"},
				"down": {"uv": [7.75, 15.125, 8.375, 16], "texture": "#texture2"}
			}
		},
		{
			"from": [4.75, 1.375, 9.75],
			"to": [6, 2.625, 15],
			"rotation": {"angle": 0, "axis": "z", "origin": [2, 2, 9]},
			"faces": {
				"north": {"uv": [7.375, 6.75, 8.625, 8], "rotation": 90, "texture": "#4"},
				"east": {"uv": [7.375, 14, 8.625, 16], "rotation": 270, "texture": "#4"},
				"south": {"uv": [7.375, 6.75, 8.625, 8], "rotation": 270, "texture": "#4"},
				"west": {"uv": [7.375, 0, 8.625, 2], "rotation": 270, "texture": "#4"},
				"up": {"uv": [14, 6.75, 16, 8], "rotation": 270, "texture": "#4"},
				"down": {"uv": [0, 6.75, 2, 8], "rotation": 270, "texture": "#4"}
			}
		},
		{
			"from": [4.4, 1.625, 10.125],
			"to": [4.75, 2.375, 10.375],
			"rotation": {"angle": 0, "axis": "z", "origin": [2, 2, 9]},
			"faces": {
				"north": {"uv": [7.625, 5.875, 8.375, 6], "rotation": 90, "texture": "#4"},
				"east": {"uv": [7.625, 13.625, 8.375, 13.875], "rotation": 270, "texture": "#4"},
				"south": {"uv": [7.625, 5.875, 8.375, 6], "rotation": 270, "texture": "#4"},
				"west": {"uv": [7.625, 2.125, 8.375, 2.375], "rotation": 270, "texture": "#4"},
				"up": {"uv": [13.625, 5.875, 13.875, 6], "rotation": 270, "texture": "#4"},
				"down": {"uv": [2.125, 5.875, 2.375, 6], "rotation": 270, "texture": "#4"}
			}
		},
		{
			"from": [3.75, 1.5, 10.375],
			"to": [5.25, 1.625, 14.875],
			"rotation": {"angle": 0, "axis": "z", "origin": [2, 2, 9]},
			"faces": {
				"north": {"uv": [8.375, 5.75, 8.5, 6.25], "rotation": 90, "texture": "#texture2"},
				"east": {"uv": [7.5, 8.125, 7.625, 9.625], "rotation": 270, "texture": "#texture2"},
				"south": {"uv": [7.5, 5.75, 7.625, 6.25], "rotation": 270, "texture": "#texture2"},
				"west": {"uv": [7.5, 6.375, 7.625, 7.875], "rotation": 270, "texture": "#texture2"},
				"up": {"uv": [8.125, 5.75, 9.625, 6.25], "rotation": 270, "texture": "#texture2"},
				"down": {"uv": [6.375, 5.75, 7.875, 6.25], "rotation": 270, "texture": "#texture2"}
			}
		},
		{
			"from": [3.75, 2.375, 10.375],
			"to": [5.25, 2.5, 14.875],
			"rotation": {"angle": 0, "axis": "z", "origin": [2, 2, 9]},
			"faces": {
				"north": {"uv": [7.5, 5.75, 7.625, 6.25], "rotation": 90, "texture": "#texture2"},
				"east": {"uv": [8.375, 8.125, 8.5, 9.625], "rotation": 270, "texture": "#texture2"},
				"south": {"uv": [8.375, 5.75, 8.5, 6.25], "rotation": 270, "texture": "#texture2"},
				"west": {"uv": [8.375, 6.375, 8.5, 7.875], "rotation": 270, "texture": "#texture2"},
				"up": {"uv": [8.125, 5.75, 9.625, 6.25], "rotation": 270, "texture": "#texture2"},
				"down": {"uv": [6.375, 5.75, 7.875, 6.25], "rotation": 270, "texture": "#texture2"}
			}
		},
		{
			"from": [3.625, 1.5, 11],
			"to": [4.75, 1.625, 14.875],
			"rotation": {"angle": 0, "axis": "z", "origin": [2, 2, 9]},
			"faces": {
				"north": {"uv": [8.375, 5.625, 8.5, 5.75], "rotation": 90, "texture": "#texture2"},
				"east": {"uv": [7.5, 8.125, 7.625, 9], "rotation": 270, "texture": "#texture2"},
				"south": {"uv": [7.5, 5.625, 7.625, 5.75], "rotation": 270, "texture": "#texture2"},
				"west": {"uv": [7.5, 7, 7.625, 7.875], "rotation": 270, "texture": "#texture2"},
				"up": {"uv": [8.125, 5.625, 9, 5.75], "rotation": 270, "texture": "#texture2"},
				"down": {"uv": [7, 5.625, 7.875, 5.75], "rotation": 270, "texture": "#texture2"}
			}
		},
		{
			"from": [3.5, 1.5, 11.125],
			"to": [4.625, 1.625, 14.75],
			"rotation": {"angle": 0, "axis": "z", "origin": [2, 2, 9]},
			"faces": {
				"north": {"uv": [8.375, 5.5, 8.5, 5.625], "rotation": 90, "texture": "#texture2"},
				"east": {"uv": [7.5, 8.25, 7.625, 8.875], "rotation": 270, "texture": "#texture2"},
				"south": {"uv": [7.5, 5.5, 7.625, 5.625], "rotation": 270, "texture": "#texture2"},
				"west": {"uv": [7.5, 7.125, 7.625, 7.75], "rotation": 270, "texture": "#texture2"},
				"up": {"uv": [8.25, 5.5, 8.875, 5.625], "rotation": 270, "texture": "#texture2"},
				"down": {"uv": [7.125, 5.5, 7.75, 5.625], "rotation": 270, "texture": "#texture2"}
			}
		},
		{
			"from": [3.375, 1.5, 11.25],
			"to": [4.5, 1.625, 14.625],
			"rotation": {"angle": 0, "axis": "z", "origin": [2, 2, 9]},
			"faces": {
				"north": {"uv": [8.375, 5.375, 8.5, 5.5], "rotation": 90, "texture": "#texture2"},
				"east": {"uv": [7.5, 8.375, 7.625, 8.75], "rotation": 270, "texture": "#texture2"},
				"south": {"uv": [7.5, 5.375, 7.625, 5.5], "rotation": 270, "texture": "#texture2"},
				"west": {"uv": [7.5, 7.25, 7.625, 7.625], "rotation": 270, "texture": "#texture2"},
				"up": {"uv": [8.375, 5.375, 8.75, 5.5], "rotation": 270, "texture": "#texture2"},
				"down": {"uv": [7.25, 5.375, 7.625, 5.5], "rotation": 270, "texture": "#texture2"}
			}
		},
		{
			"from": [3.625, 2.375, 11],
			"to": [4.75, 2.5, 14.875],
			"rotation": {"angle": 0, "axis": "z", "origin": [2, 2, 9]},
			"faces": {
				"north": {"uv": [7.5, 5.625, 7.625, 5.75], "rotation": 90, "texture": "#texture2"},
				"east": {"uv": [8.375, 8.125, 8.5, 9], "rotation": 270, "texture": "#texture2"},
				"south": {"uv": [8.375, 5.625, 8.5, 5.75], "rotation": 270, "texture": "#texture2"},
				"west": {"uv": [8.375, 7, 8.5, 7.875], "rotation": 270, "texture": "#texture2"},
				"up": {"uv": [8.125, 5.625, 9, 5.75], "rotation": 270, "texture": "#texture2"},
				"down": {"uv": [7, 5.625, 7.875, 5.75], "rotation": 270, "texture": "#texture2"}
			}
		},
		{
			"from": [3.5, 2.375, 11.125],
			"to": [4.625, 2.5, 14.75],
			"rotation": {"angle": 0, "axis": "z", "origin": [2, 2, 9]},
			"faces": {
				"north": {"uv": [7.5, 5.5, 7.625, 5.625], "rotation": 90, "texture": "#texture2"},
				"east": {"uv": [8.375, 8.25, 8.5, 8.875], "rotation": 270, "texture": "#texture2"},
				"south": {"uv": [8.375, 5.5, 8.5, 5.625], "rotation": 270, "texture": "#texture2"},
				"west": {"uv": [8.375, 7.125, 8.5, 7.75], "rotation": 270, "texture": "#texture2"},
				"up": {"uv": [8.25, 5.5, 8.875, 5.625], "rotation": 270, "texture": "#texture2"},
				"down": {"uv": [7.125, 5.5, 7.75, 5.625], "rotation": 270, "texture": "#texture2"}
			}
		},
		{
			"from": [3.375, 2.375, 11.25],
			"to": [4.5, 2.5, 14.625],
			"rotation": {"angle": 0, "axis": "z", "origin": [2, 2, 9]},
			"faces": {
				"north": {"uv": [7.5, 5.375, 7.625, 5.5], "rotation": 90, "texture": "#texture2"},
				"east": {"uv": [8.375, 8.375, 8.5, 8.75], "rotation": 270, "texture": "#texture2"},
				"south": {"uv": [8.375, 5.375, 8.5, 5.5], "rotation": 270, "texture": "#texture2"},
				"west": {"uv": [8.375, 7.25, 8.5, 7.625], "rotation": 270, "texture": "#texture2"},
				"up": {"uv": [8.375, 5.375, 8.75, 5.5], "rotation": 270, "texture": "#texture2"},
				"down": {"uv": [7.25, 5.375, 7.625, 5.5], "rotation": 270, "texture": "#texture2"}
			}
		},
		{
			"from": [3.875, 1.625, 10.5],
			"to": [5.25, 2.375, 14.75],
			"rotation": {"angle": 0, "axis": "z", "origin": [2, 2, 9]},
			"faces": {
				"north": {"uv": [7.625, 5.875, 8.375, 6.25], "rotation": 90, "texture": "#texture2"},
				"east": {"uv": [7.625, 8.25, 8.375, 9.5], "rotation": 270, "texture": "#texture2"},
				"south": {"uv": [7.625, 5.875, 8.375, 6.25], "rotation": 270, "texture": "#texture2"},
				"west": {"uv": [7.625, 6.5, 8.375, 7.75], "rotation": 270, "texture": "#texture2"},
				"up": {"uv": [8.25, 5.875, 9.5, 6.25], "rotation": 270, "texture": "#texture2"},
				"down": {"uv": [6.5, 5.875, 7.75, 6.25], "rotation": 270, "texture": "#texture2"}
			}
		},
		{
			"from": [6, 1.5, 9.75],
			"to": [6.125, 2.5, 15],
			"rotation": {"angle": 0, "axis": "z", "origin": [2, 2, 9]},
			"faces": {
				"north": {"uv": [7.5, 8, 8.5, 8.125], "rotation": 90, "texture": "#4"},
				"east": {"uv": [7.5, 14, 8.5, 16], "rotation": 270, "texture": "#4"},
				"south": {"uv": [7.5, 8, 8.5, 8.125], "rotation": 270, "texture": "#4"},
				"west": {"uv": [7.5, 0, 8.5, 2], "rotation": 270, "texture": "#4"},
				"up": {"uv": [14, 8, 16, 8.125], "rotation": 270, "texture": "#4"},
				"down": {"uv": [0, 8, 2, 8.125], "rotation": 270, "texture": "#4"}
			}
		}
	],
	"display": {
		"thirdperson_righthand": {
			"rotation": [6, 120, 21],
			"translation": [-0.5, 4.5, 0.25],
			"scale": [0.6, 0.6, 0.6]
		},
		"thirdperson_lefthand": {
			"rotation": [5, -53, -23],
			"translation": [-2, 4.5, 0.5],
			"scale": [0.6, 0.6, 0.6]
		},
		"firstperson_righthand": {
			"rotation": [0, -136, -11],
			"translation": [-1.75, 4.5, -7],
			"scale": [0.92, 0.92, 0.92]
		},
		"firstperson_lefthand": {
			"rotation": [0, 49, 10],
			"translation": [-2, 4.5, -7],
			"scale": [0.93, 0.92, 0.93]
		},
		"ground": {
			"translation": [0, 3, 0],
			"scale": [0.78, 0.78, 0.79]
		},
		"gui": {
			"rotation": [30, -134, 0],
			"translation": [-0.25, -0.25, 0],
			"scale": [0.79, 0.78, 0.78]
		},
		"fixed": {
			"rotation": [0, -90, 0],
			"translation": [0, 0, -5],
			"scale": [3, 3, 3]
		}
	},
	"groups": [0, 1, 2, 3, 4, 5, 6, 7, 8, 9, 10, 11, 12, 13, 14, 15, 16, 17, 18, 19, 20, 21, 22, 23, 24, 25, 26, 27, 28, 29, 30, 31, 32, 33, 34, 35, 36, 37, 38,
		{
			"name": "spruce_door",
			"origin": [8, 8, 8],
			"children": [39, 40, 41, 42, 43, 44, 45, 46, 47, 48, 49, 50, 51, 52, 53, 54, 55, 56, 57, 58, 59, 60, 61, 62, 63, 64, 65, 66, 67, 68, 69, 70, 71, 72]
		},
		{
			"name": "birch_door",
			"origin": [8, 8, 8],
			"children": [73, 74, 75, 76, 77, 78, 79, 80, 81, 82, 83, 84, 85, 86, 87, 88, 89]
		},
		{
			"name": "dye_cyan",
			"origin": [8, 8, 8],
			"children": [90, 91, 92, 93, 94, 95, 96, 97, 98, 99, 100, 101]
		}
	]
}