{
	"credit": "Made with Blockbench, a free, modern block model editor by JannisX11",
	"textures": {
		"0": "item/block1_baton",
		"particle": "item/block1_baton"
	},
	"elements": [
		{
			"name": "cube",
			"from": [7.25, 2.5, 0],
			"to": [8.8, 3.15, 16],
			"faces": {
				"north": {
					"uv": [0, 13.375, 15.9875, 15.9375],
					"texture": "#0"
				},
				"east": {
					"uv": [0, 0.03125, 15.9875, 15.9375],
					"texture": "#0",
					"rotation": 270
				},
				"south": {
					"uv": [0, 13.375, 15.9875, 15.9375],
					"texture": "#0"
				},
				"west": {
					"uv": [0, 0.03125, 15.9875, 15.9375],
					"texture": "#0",
					"rotation": 270
				},
				"up": {
					"uv": [0, 3.9375, 15.9875, 9.09375],
					"texture": "#0",
					"rotation": 90
				},
				"down": {
					"uv": [0, 3.9375, 15.9875, 9.09375],
					"texture": "#0",
					"rotation": 90
				}
			}
		},
		{
			"name": "cube",
			"from": [7, 1.5, 0],
			"to": [9, 3, 16],
			"faces": {
				"north": {
					"uv": [0, 13.375, 15.9875, 15.9375],
					"texture": "#0"
				},
				"east": {
					"uv": [0, 0, 16, 1.5],
					"texture": "#missing"
				},
				"south": {
					"uv": [0, 13.375, 15.9875, 15.9375],
					"texture": "#0"
				},
				"west": {
					"uv": [0, 0, 16, 1.5],
					"texture": "#missing"
				},
				"up": {"uv": [0, 0, 2, 16], "texture": "#missing"},
				"down": {"uv": [0, 0, 2, 16], "texture": "#missing"}
			}
		},
		{
			"name": "cube",
			"from": [3.45, 2.8, 0],
			"to": [5.45, 3.8, 16],
			"faces": {
				"north": {
					"uv": [0, 13.375, 15.9875, 15.9375],
					"texture": "#0"
				},
				"east": {
					"uv": [0, 0, 16, 1],
					"texture": "#missing"
				},
				"south": {
					"uv": [0, 13.375, 15.9875, 15.9375],
					"texture": "#0"
				},
				"west": {
					"uv": [0, 0, 16, 1],
					"texture": "#missing"
				},
				"up": {
					"uv": [0, 8.875, 15.9875, 14.03125],
					"texture": "#0",
					"rotation": 90
				},
				"down": {"uv": [0, 0, 2, 16], "texture": "#missing"}
			},
			"rotation": {
				"origin": [8, 8, 8],
				"axis": "z",
				"angle": 22.5
			}
		},
		{
			"name": "cube",
			"from": [0.20000000000000018, 4.85, 0],
			"to": [2.2, 5.85, 16],
			"faces": {
				"north": {
					"uv": [0, 13.375, 15.9875, 15.9375],
					"texture": "#0"
				},
				"east": {
					"uv": [0, 0, 16, 1],
					"texture": "#missing"
				},
				"south": {
					"uv": [0, 13.375, 15.9875, 15.9375],
					"texture": "#0"
				},
				"west": {
					"uv": [0, 0, 16, 1],
					"texture": "#missing"
				},
				"up": {
					"uv": [0, 13.375, 15.9875, 15.9375],
					"texture": "#0",
					"rotation": 90
				},
				"down": {"uv": [0, 0, 2, 16], "texture": "#missing"}
			},
			"rotation": {
				"origin": [8, 8, 8],
				"axis": "z",
				"angle": 45
			}
		},
		{
			"name": "cube",
			"from": [13.8, 4.875, 0],
			"to": [15.8, 5.875, 16],
			"faces": {
				"north": {
					"uv": [0, 13.375, 15.9875, 15.9375],
					"texture": "#0"
				},
				"east": {
					"uv": [0, 0, 16, 1],
					"texture": "#missing"
				},
				"south": {
					"uv": [0, 13.375, 15.9875, 15.9375],
					"texture": "#0"
				},
				"west": {
					"uv": [0, 0, 16, 1],
					"texture": "#missing"
				},
				"up": {
					"uv": [0, 6.4375, 15.9875, 11.59375],
					"texture": "#0",
					"rotation": 90
				},
				"down": {"uv": [0, 0, 2, 16], "texture": "#missing"}
			},
			"rotation": {
				"origin": [8, 8, 8],
				"axis": "z",
				"angle": -45
			}
		},
		{
			"name": "cube",
			"from": [10.65, 2.8, 0],
			"to": [12.65, 3.8, 16],
			"faces": {
				"north": {
					"uv": [0, 13.375, 15.9875, 15.9375],
					"texture": "#0"
				},
				"east": {
					"uv": [0, 0, 16, 1],
					"texture": "#missing"
				},
				"south": {
					"uv": [0, 13.375, 15.9875, 15.9375],
					"texture": "#0"
				},
				"west": {
					"uv": [0, 0, 16, 1],
					"texture": "#missing"
				},
				"up": {
					"uv": [0, 0, 15.9875, 3.59375],
					"texture": "#0",
					"rotation": 90
				},
				"down": {"uv": [0, 0, 2, 16], "texture": "#missing"}
			},
			"rotation": {
				"origin": [8, 8, 8],
				"axis": "z",
				"angle": -22.5
			}
		},
		{
			"name": "cube",
			"from": [5.5, 1, 0],
			"to": [10.5, 2, 16],
			"faces": {
				"north": {
					"uv": [0, 13.375, 15.9875, 15.9375],
					"texture": "#0"
				},
				"east": {
					"uv": [0, 0, 16, 1],
					"texture": "#missing"
				},
				"south": {
					"uv": [0, 13.375, 15.9875, 15.9375],
					"texture": "#0"
				},
				"west": {
					"uv": [0, 0, 16, 1],
					"texture": "#missing"
				},
				"up": {"uv": [0, 0, 5, 16], "texture": "#missing"},
				"down": {"uv": [0, 0, 5, 16], "texture": "#missing"}
			}
		},
		{
			"name": "cube",
			"from": [4, 0, 0],
			"to": [12, 1, 16],
			"faces": {
				"north": {
					"uv": [0, 13.375, 15.9875, 15.9375],
					"texture": "#0"
				},
				"east": {
					"uv": [0, 13.375, 15.9875, 15.9375],
					"texture": "#0"
				},
				"south": {
					"uv": [0, 13.375, 15.9875, 15.9375],
					"texture": "#0"
				},
				"west": {
					"uv": [0, 13.375, 15.9875, 15.9375],
					"texture": "#0"
				},
				"up": {
					"uv": [0, 0.03125, 15.9875, 15.9375],
					"texture": "#0",
					"rotation": 270
				},
				"down": {
					"uv": [0, 0.03125, 15.9875, 15.9375],
					"texture": "#0",
					"rotation": 270
				}
			}
		}
	],
	"groups": [0, 1, 2, 3, 4, 5, 6, 7],
	"display": {
		"thirdperson_righthand": {
			"scale": [0.5, 0.5, 0.5],
			"rotation": [90, 0, 0],
			"translation": [0, 2, 3.5]
		},
		"thirdperson_lefthand": {
			"scale": [0.5, 0.5, 0.5],
			"translation": [0, 2, 3],
			"rotation": [90, 0, 0]
		},
		"firstperson_righthand": {
			"scale": [1, 1, 1],
			"translation": [-1, 5.5, 0],
			"rotation": [45, 0, 0]
		},
		"firstperson_lefthand": {
			"scale": [1, 1, 1],
			"rotation": [45, 0, 0],
			"translation": [-1, 5.5, 0]
		},
		"ground": {
			"scale": [0.5, 0.5, 0.6],
			"translation": [0, 2, 0]
		},
		"gui": {
			"scale": [1, 1, 1],
			"rotation": [90, 44, -53],
			"translation": [4.5, 4, 0]
		}
	}
}