{
	"credit": "Made with Blockbench, a free, modern block model editor by JannisX11",
	"textures": {
		"0": "item/block1_kolbasa",
		"particle": "item/block1_kolbasa"
	},
	"elements": [
		{
			"name": "cube",
			"from": [8.65, 5.9, 5.25],
			"to": [10.15, 6.9, 15],
			"faces": {
				"north": {"uv": [0, 0, 16, 16], "texture": "#0"},
				"east": {"uv": [0, 0, 16, 16], "texture": "#0"},
				"south": {"uv": [0, 0, 16, 16], "texture": "#0"},
				"west": {"uv": [0, 0, 16, 16], "texture": "#0"},
				"up": {"uv": [0, 0, 16, 16], "texture": "#0"},
				"down": {"uv": [0, 0, 6.1875, 16], "texture": "#0"}
			},
			"rotation": {
				"origin": [8, 8, 8],
				"axis": "z",
				"angle": 45
			}
		},
		{
			"name": "cube",
			"from": [8.65, 7.699999999999999, 4],
			"to": [10.15, 8.7, 15],
			"faces": {
				"north": {"uv": [0, 0, 16, 16], "texture": "#0"},
				"east": {"uv": [0, 0, 16, 16], "texture": "#0"},
				"south": {"uv": [0, 0, 16, 16], "texture": "#0"},
				"west": {"uv": [0, 0, 16, 16], "texture": "#0"},
				"up": {"uv": [0, 0, 6.1875, 16], "texture": "#0"},
				"down": {"uv": [0, 0, 16, 16], "texture": "#0"}
			},
			"rotation": {
				"origin": [8, 8, 8],
				"axis": "z",
				"angle": 45
			}
		},
		{
			"name": "cube",
			"from": [8, 6.550000000000001, 5.25],
			"to": [9, 8.05, 15],
			"faces": {
				"north": {"uv": [0, 0, 16, 16], "texture": "#0"},
				"east": {"uv": [0, 0, 16, 16], "texture": "#0"},
				"south": {"uv": [0, 0, 16, 16], "texture": "#0"},
				"west": {"uv": [0, 0, 16, 16], "texture": "#0"},
				"up": {"uv": [0, 0, 16, 16], "texture": "#0"},
				"down": {"uv": [0, 0, 16, 16], "texture": "#0"}
			},
			"rotation": {
				"origin": [8, 8, 8],
				"axis": "z",
				"angle": 45
			}
		},
		{
			"name": "cube",
			"from": [9.82, 6.550000000000001, 4],
			"to": [10.82, 8.05, 15],
			"faces": {
				"north": {"uv": [0, 0, 16, 16], "texture": "#0"},
				"east": {"uv": [0, 0, 16, 16], "texture": "#0"},
				"south": {"uv": [0, 0, 16, 16], "texture": "#0"},
				"west": {"uv": [0, 0, 16, 16], "texture": "#0"},
				"up": {"uv": [0, 0, 16, 16], "texture": "#0"},
				"down": {"uv": [0, 0, 16, 16], "texture": "#0"}
			},
			"rotation": {
				"origin": [8, 8, 8],
				"axis": "z",
				"angle": 45
			}
		},
		{
			"name": "cube",
			"from": [8.7, 8, 4],
			"to": [10.299999999999999, 9, 5.5],
			"faces": {
				"north": {"uv": [0, 0, 16, 16], "texture": "#0"},
				"east": {"uv": [0, 0, 16, 16], "texture": "#0"},
				"south": {"uv": [0, 0, 16, 16], "texture": "#0"},
				"west": {"uv": [0, 0, 16, 16], "texture": "#0"},
				"up": {"uv": [0, 0, 16, 16], "texture": "#0"},
				"down": {"uv": [0, 0, 16, 16], "texture": "#0"}
			},
			"rotation": {
				"origin": [8, 8, 8],
				"axis": "y",
				"angle": 0
			}
		},
		{
			"name": "cube",
			"from": [8.2, 8, 13.75],
			"to": [10.8, 9, 15.25],
			"faces": {
				"north": {"uv": [0, 0, 16, 16], "texture": "#0"},
				"east": {"uv": [0, 0, 16, 16], "texture": "#0"},
				"south": {"uv": [0, 0, 16, 16], "texture": "#0"},
				"west": {"uv": [0, 0, 16, 16], "texture": "#0"},
				"up": {
					"uv": [0, 0, 5.4375, 3.875],
					"texture": "#0"
				},
				"down": {"uv": [0, 0, 16, 16], "texture": "#0"}
			},
			"rotation": {
				"origin": [8, 8, 8],
				"axis": "y",
				"angle": 0
			}
		},
		{
			"name": "cube",
			"from": [9, 7.200000000000001, 13.75],
			"to": [10, 9.8, 15.25],
			"faces": {
				"north": {"uv": [0, 0, 16, 16], "texture": "#0"},
				"east": {"uv": [0, 0, 16, 16], "texture": "#0"},
				"south": {"uv": [0, 0, 16, 16], "texture": "#0"},
				"west": {"uv": [0, 0, 16, 16], "texture": "#0"},
				"up": {
					"uv": [0, 0, 5.4375, 3.875],
					"texture": "#0"
				},
				"down": {"uv": [0, 0, 16, 16], "texture": "#0"}
			},
			"rotation": {
				"origin": [8, 8, 8],
				"axis": "y",
				"angle": 0
			}
		},
		{
			"name": "cube",
			"from": [8.7, 8, 14],
			"to": [10.299999999999999, 9, 15.5],
			"faces": {
				"north": {"uv": [0, 0, 16, 16], "texture": "#0"},
				"east": {"uv": [0, 0, 16, 16], "texture": "#0"},
				"south": {"uv": [0, 0, 16, 16], "texture": "#0"},
				"west": {"uv": [0, 0, 16, 16], "texture": "#0"},
				"up": {
					"uv": [0, 0, 5.4375, 3.875],
					"texture": "#0"
				},
				"down": {"uv": [0, 0, 16, 16], "texture": "#0"}
			},
			"rotation": {
				"origin": [8, 8, 8],
				"axis": "y",
				"angle": 0
			}
		},
		{
			"name": "cube",
			"from": [9, 7.700000000000001, 14],
			"to": [10, 9.3, 15.5],
			"faces": {
				"north": {"uv": [0, 0, 16, 16], "texture": "#0"},
				"east": {"uv": [0, 0, 16, 16], "texture": "#0"},
				"south": {"uv": [0, 0, 16, 16], "texture": "#0"},
				"west": {"uv": [0, 0, 16, 16], "texture": "#0"},
				"up": {
					"uv": [0, 0, 5.4375, 3.875],
					"texture": "#0"
				},
				"down": {"uv": [0, 0, 16, 16], "texture": "#0"}
			},
			"rotation": {
				"origin": [8, 8, 8],
				"axis": "y",
				"angle": 0
			}
		},
		{
			"name": "cube",
			"from": [9, 9, 4],
			"to": [10, 10, 5.5],
			"faces": {
				"north": {"uv": [0, 0, 16, 16], "texture": "#0"},
				"east": {"uv": [0, 0, 16, 16], "texture": "#0"},
				"south": {"uv": [0, 0, 16, 16], "texture": "#0"},
				"west": {"uv": [0, 0, 16, 16], "texture": "#0"},
				"up": {
					"uv": [0, 0, 5.4375, 3.875],
					"texture": "#0"
				},
				"down": {"uv": [0, 0, 16, 16], "texture": "#0"}
			},
			"rotation": {
				"origin": [8, 8, 8],
				"axis": "y",
				"angle": 0
			}
		},
		{
			"name": "cube",
			"from": [9, 7, 5.25],
			"to": [10, 10, 15],
			"faces": {
				"north": {"uv": [0, 0, 16, 16], "texture": "#0"},
				"east": {"uv": [0, 0, 16, 16], "texture": "#0"},
				"south": {"uv": [0, 0, 16, 16], "texture": "#0"},
				"west": {"uv": [0, 0, 16, 16], "texture": "#0"},
				"up": {"uv": [0, 0, 6.1875, 16], "texture": "#0"},
				"down": {"uv": [0, 0, 6.1875, 16], "texture": "#0"}
			},
			"rotation": {
				"origin": [8, 8, 8],
				"axis": "y",
				"angle": 0
			}
		},
		{
			"name": "cube",
			"from": [8, 8, 4.75],
			"to": [11, 9, 15],
			"faces": {
				"north": {"uv": [0, 0, 16, 16], "texture": "#0"},
				"east": {"uv": [0, 0, 16, 16], "texture": "#0"},
				"south": {"uv": [0, 0, 16, 16], "texture": "#0"},
				"west": {"uv": [0, 0, 16, 16], "texture": "#0"},
				"up": {"uv": [0, 0, 16, 16], "texture": "#0"},
				"down": {"uv": [0, 0, 16, 16], "texture": "#0"}
			}
		}
	],
	"groups": [0, 1, 2, 3, 4, 5, 6, 7, 8, 9, 10, 11],
	"display": {
		"thirdperson_righthand": {
			"scale": [0.6, 0.6, 0.6],
			"rotation": [-90, 180, 0],
			"translation": [1, 4, 0.5]
		},
		"thirdperson_lefthand": {
			"scale": [0.6, 0.6, 0.6],
			"translation": [-1, 4, 0.5],
			"rotation": [-90, 180, 0]
		},
		"firstperson_righthand": {
			"scale": [1, 1, 1],
			"rotation": [50, -1, 180],
			"translation": [-1.5, 4.5, 2]
		},
		"firstperson_lefthand": {
			"scale": [1, 1, 1],
			"rotation": [50, -1, 180],
			"translation": [-1.5, 4, 2]
		},
		"ground": {
			"scale": [0.6, 0.6, 0.6],
			"translation": [0, 1, 0],
			"rotation": [0, 0, 0]
		},
		"gui": {
			"scale": [1, 1, 1],
			"rotation": [42, 48, -28],
			"translation": [-3, 1.5, 0]
		}
	}
}