{
	"credit": "Made with Blockbench",
	"textures": {
		"0": "item/steve",
		"particle": "item/steve",
		"texture": "item/black",
		"gray_new": "item/gray3",
		"1_8": "item/gray2"
	},
	"elements": [
		{
			"from": [7.55, 5.615, 7],
			"to": [8.5, 7.865, 19],
			"faces": {
				"north": {"uv": [7.5, 8.135, 8.45, 10.385], "texture": "#texture", "cullface": "south"},
				"east": {"uv": [0, 8.135, 9, 10.385], "texture": "#texture", "cullface": "south"},
				"south": {"uv": [7.55, 8.135, 8.5, 10.385], "texture": "#texture", "cullface": "south"},
				"west": {"uv": [7, 8.135, 16, 10.385], "texture": "#texture", "cullface": "south"},
				"up": {"uv": [7.55, 7, 8.5, 16], "texture": "#texture", "cullface": "south"},
				"down": {"uv": [7.55, 0, 8.5, 9], "texture": "#texture", "cullface": "south"}
			}
		},
		{
			"from": [7.25, 5.885, -3],
			"to": [8.75, 7.885, 7],
			"faces": {
				"north": {"uv": [7.525, 8.115, 9.025, 10.115], "texture": "#texture", "cullface": "north"},
				"east": {"uv": [9, 8.115, 16, 10.115], "texture": "#texture", "cullface": "north"},
				"south": {"uv": [6.975, 8.115, 8.475, 10.115], "texture": "#texture", "cullface": "north"},
				"west": {"uv": [0, 8.115, 7, 10.115], "texture": "#texture", "cullface": "north"},
				"up": {"uv": [6.975, 0, 8.475, 7], "texture": "#texture", "cullface": "north"},
				"down": {"uv": [6.975, 9, 8.475, 16], "texture": "#texture", "cullface": "north"}
			}
		},
		{
			"from": [7.5, 5.965, -3.1],
			"to": [8.5, 7.865, 8],
			"faces": {
				"north": {"uv": [7.775, 8.135, 8.775, 10.035], "texture": "#texture", "cullface": "north"},
				"east": {"uv": [8, 8.135, 16, 10.035], "texture": "#texture", "cullface": "north"},
				"west": {"uv": [0, 8.135, 8, 10.035], "texture": "#texture", "cullface": "north"},
				"up": {"uv": [7.225, 0, 8.225, 8], "texture": "#texture", "cullface": "north"},
				"down": {"uv": [7.225, 8, 8.225, 16], "texture": "#texture", "cullface": "north"}
			}
		},
		{
			"from": [7.25, 5.635, -1],
			"to": [8.75, 5.885, 7],
			"faces": {
				"north": {"uv": [7.525, 10.115, 9.025, 10.365], "texture": "#texture", "cullface": "north"},
				"east": {"uv": [9, 10.115, 16, 10.365], "texture": "#texture", "cullface": "north"},
				"south": {"uv": [6.975, 10.115, 8.475, 10.365], "texture": "#texture", "cullface": "north"},
				"west": {"uv": [0, 10.115, 7, 10.365], "texture": "#texture", "cullface": "north"},
				"down": {"uv": [6.975, 9, 8.475, 16], "texture": "#texture", "cullface": "north"}
			}
		},
		{
			"from": [7.25, 5.385, 1],
			"to": [8.75, 5.635, 7],
			"faces": {
				"north": {"uv": [7.525, 10.365, 9.025, 10.615], "texture": "#texture"},
				"east": {"uv": [9, 10.365, 15, 10.615], "texture": "#texture"},
				"south": {"uv": [6.975, 10.365, 8.475, 10.615], "texture": "#texture"},
				"west": {"uv": [1, 10.365, 7, 10.615], "texture": "#texture"},
				"down": {"uv": [6.975, 9, 8.475, 15], "texture": "#texture"}
			}
		},
		{
			"from": [7.25, 5.135, 3],
			"to": [8.75, 5.385, 7],
			"faces": {
				"north": {"uv": [7.525, 10.615, 9.025, 10.865], "texture": "#texture"},
				"east": {"uv": [9, 10.615, 13, 10.865], "texture": "#texture"},
				"south": {"uv": [6.975, 10.615, 8.475, 10.865], "texture": "#texture"},
				"west": {"uv": [3, 10.615, 7, 10.865], "texture": "#texture"},
				"down": {"uv": [6.975, 9, 8.475, 13], "texture": "#texture"}
			}
		},
		{
			"from": [7.25, 4.885, 5],
			"to": [8.75, 5.135, 7],
			"faces": {
				"north": {"uv": [7.525, 10.865, 9.025, 11.115], "texture": "#texture"},
				"east": {"uv": [9, 10.865, 11, 11.115], "texture": "#texture"},
				"south": {"uv": [6.975, 10.865, 8.475, 11.115], "texture": "#texture"},
				"west": {"uv": [5, 10.865, 7, 11.115], "texture": "#texture"},
				"down": {"uv": [6.975, 9, 8.475, 11], "texture": "#texture"}
			}
		},
		{
			"from": [7.252, 5.135, 4.5],
			"to": [8.748, 5.635, 5.25],
			"rotation": {"angle": 22.5, "axis": "x", "origin": [7.252, 5.635, 4.5]},
			"faces": {
				"north": {"uv": [7.527, 10.32694, 9.023, 10.82694], "texture": "#texture"},
				"east": {"uv": [10.94134, 10.32694, 11.69134, 10.82694], "texture": "#texture"},
				"south": {"uv": [6.977, 10.32694, 8.473, 10.82694], "texture": "#texture"},
				"west": {"uv": [4.30866, 10.32694, 5.05866, 10.82694], "texture": "#texture"},
				"down": {"uv": [6.977, 10.94134, 8.473, 11.69134], "texture": "#texture"}
			}
		},
		{
			"from": [7.252, 5.385, 2.5],
			"to": [8.748, 5.885, 3.25],
			"rotation": {"angle": 22.5, "axis": "x", "origin": [7.252, 5.885, 2.5]},
			"faces": {
				"north": {"uv": [7.527, 10.07694, 9.023, 10.57694], "texture": "#texture"},
				"east": {"uv": [12.94134, 10.07694, 13.69134, 10.57694], "texture": "#texture"},
				"south": {"uv": [6.977, 10.07694, 8.473, 10.57694], "texture": "#texture"},
				"west": {"uv": [2.30866, 10.07694, 3.05866, 10.57694], "texture": "#texture"},
				"down": {"uv": [6.977, 12.94134, 8.473, 13.69134], "texture": "#texture"}
			}
		},
		{
			"from": [7.252, 5.635, 0.5],
			"to": [8.748, 6.135, 1.25],
			"rotation": {"angle": 22.5, "axis": "x", "origin": [7.252, 6.135, 0.5]},
			"faces": {
				"north": {"uv": [7.527, 9.82694, 9.023, 10.32694], "texture": "#texture"},
				"east": {"uv": [14.94134, 9.82694, 15.69134, 10.32694], "texture": "#texture"},
				"south": {"uv": [6.977, 9.82694, 8.473, 10.32694], "texture": "#texture"},
				"west": {"uv": [0.30866, 9.82694, 1.05866, 10.32694], "texture": "#texture"},
				"down": {"uv": [6.977, 14.94134, 8.473, 15.69134], "texture": "#texture"}
			}
		},
		{
			"from": [7.252, 5.885, -1.5],
			"to": [8.748, 6.385, -0.75],
			"rotation": {"angle": 22.5, "axis": "x", "origin": [7.252, 6.385, -1.5]},
			"faces": {
				"east": {"uv": [0.94134, 9.57694, 1.69134, 10.07694], "texture": "#texture", "cullface": "north"},
				"south": {"uv": [6.977, 9.57694, 8.473, 10.07694], "texture": "#texture", "cullface": "north"},
				"west": {"uv": [14.30866, 9.57694, 15.05866, 10.07694], "texture": "#texture", "cullface": "north"},
				"down": {"uv": [6.977, 0.94134, 8.473, 1.69134], "texture": "#texture", "cullface": "north"}
			}
		},
		{
			"from": [7.693, 7.823, -3.1],
			"to": [8.303, 8.323, 19],
			"faces": {
				"north": {"uv": [7.972, 7.677, 8.582, 8.177], "texture": "#texture", "cullface": "south"},
				"east": {"uv": [0, 7.677, 16, 8.177], "texture": "#texture", "cullface": "south"},
				"south": {"uv": [7.418, 7.677, 8.028, 8.177], "texture": "#texture", "cullface": "south"},
				"west": {"uv": [0, 7.677, 16, 8.177], "texture": "#texture", "cullface": "south"},
				"up": {"uv": [7.418, 0, 8.028, 16], "texture": "#texture", "cullface": "south"},
				"down": {"uv": [7.418, 0, 8.028, 16], "texture": "#texture", "cullface": "south"}
			}
		},
		{
			"from": [8.077, 7.727, -3.1],
			"to": [8.327, 8.227, 19],
			"rotation": {"angle": 22.5, "axis": "z", "origin": [8.077, 8.227, -3.1]},
			"faces": {
				"north": {"uv": [7.75666, 7.73494, 8.00666, 8.23494], "texture": "#texture", "cullface": "south"},
				"east": {"uv": [0, 7.73494, 16, 8.23494], "texture": "#texture", "cullface": "south"},
				"south": {"uv": [7.99334, 7.73494, 8.24334, 8.23494], "texture": "#texture", "cullface": "south"},
				"down": {"uv": [7.99334, 0, 8.24334, 16], "texture": "#texture", "cullface": "south"}
			}
		},
		{
			"from": [7.692, 7.827, -3.1],
			"to": [7.942, 8.327, -0.9],
			"rotation": {"angle": -22.5, "axis": "z", "origin": [7.692, 8.327, -3.1]},
			"faces": {
				"north": {"uv": [8.52434, 7.63494, 8.77434, 8.13494], "texture": "#texture", "cullface": "north"},
				"south": {"uv": [7.22566, 7.63494, 7.47566, 8.13494], "texture": "#texture", "cullface": "north"},
				"west": {"uv": [12.9, 7.63494, 15.1, 8.13494], "texture": "#texture", "cullface": "north"}
			}
		},
		{
			"from": [7.25, 6.385, 7],
			"to": [8.75, 6.635, 18.998],
			"faces": {
				"east": {"uv": [0, 9.365, 9, 9.615], "texture": "#texture", "cullface": "south"},
				"south": {"uv": [6.975, 9.365, 8.475, 9.615], "texture": "#texture", "cullface": "south"},
				"west": {"uv": [7, 9.365, 16, 9.615], "texture": "#texture", "cullface": "south"},
				"up": {"uv": [6.975, 7, 8.475, 16], "texture": "#texture", "cullface": "south"},
				"down": {"uv": [6.975, 0, 8.475, 9], "texture": "#texture", "cullface": "south"}
			}
		},
		{
			"from": [7.608, 6.239, 7],
			"to": [8.108, 6.739, 18.994],
			"rotation": {"angle": -45, "axis": "z", "origin": [7.608, 6.739, 7]},
			"faces": {
				"south": {"uv": [6.97945, 9.11455, 7.47945, 9.61455], "texture": "#texture", "cullface": "south"},
				"west": {"uv": [7, 9.11455, 16, 9.61455], "texture": "#texture", "cullface": "south"},
				"down": {"uv": [6.97945, 0, 7.47945, 9], "texture": "#texture", "cullface": "south"}
			}
		},
		{
			"from": [8.398, 6.239, 7],
			"to": [8.898, 6.739, 18.994],
			"rotation": {"angle": -45, "axis": "z", "origin": [8.398, 6.739, 7]},
			"faces": {
				"east": {"uv": [0, 9.11455, 9, 9.61455], "texture": "#texture", "cullface": "south"},
				"south": {"uv": [7.76945, 9.11455, 8.26944, 9.61455], "texture": "#texture", "cullface": "south"},
				"up": {"uv": [7.76945, 7, 8.26944, 16], "texture": "#texture", "cullface": "south"}
			}
		},
		{
			"from": [7.536, 6.573, 7],
			"to": [8.036, 7.323, 18.996],
			"rotation": {"angle": -22.5, "axis": "z", "origin": [7.536, 7.323, 7]},
			"faces": {
				"south": {"uv": [6.97399, 8.61991, 7.47399, 9.36991], "texture": "#texture", "cullface": "south"},
				"west": {"uv": [7, 8.61991, 16, 9.36991], "texture": "#texture", "cullface": "south"}
			}
		},
		{
			"from": [7.998, 6.387, 7],
			"to": [8.498, 7.137, 18.996],
			"rotation": {"angle": 22.5, "axis": "z", "origin": [7.998, 7.137, 7]},
			"faces": {
				"east": {"uv": [0, 8.80591, 9, 9.55591], "texture": "#texture", "cullface": "south"},
				"south": {"uv": [8.01001, 8.80591, 8.51001, 9.55591], "texture": "#texture", "cullface": "south"}
			}
		},
		{
			"from": [7.35, 4.385, 8],
			"to": [8.65, 6.635, 11.5],
			"faces": {
				"north": {"uv": [7.625, 9.365, 8.925, 11.615], "texture": "#texture"},
				"east": {"uv": [4.5, 9.365, 8, 11.615], "texture": "#texture"},
				"south": {"uv": [7.075, 9.365, 8.375, 11.615], "texture": "#texture"},
				"west": {"uv": [8, 9.365, 11.5, 11.615], "texture": "#texture"},
				"down": {"uv": [7.075, 4.5, 8.375, 8], "texture": "#texture"}
			}
		},
		{
			"from": [7.35, 5.535, 13],
			"to": [8.65, 6.635, 18.992],
			"faces": {
				"north": {"uv": [7.625, 9.365, 8.925, 10.465], "texture": "#texture", "cullface": "south"},
				"east": {"uv": [0, 9.365, 3, 10.465], "texture": "#texture", "cullface": "south"},
				"south": {"uv": [7.075, 9.365, 8.375, 10.465], "texture": "#texture", "cullface": "south"},
				"west": {"uv": [13, 9.365, 16, 10.465], "texture": "#texture", "cullface": "south"},
				"down": {"uv": [7.075, 0, 8.375, 3], "texture": "#texture", "cullface": "south"}
			}
		},
		{
			"from": [7.5, 4.615, 11],
			"to": [8.5, 5.615, 19],
			"faces": {
				"east": {"uv": [0, 10.385, 5, 11.385], "texture": "#texture", "cullface": "south"},
				"south": {"uv": [7.225, 10.385, 8.225, 11.385], "texture": "#texture", "cullface": "south"},
				"west": {"uv": [11, 10.385, 16, 11.385], "texture": "#texture", "cullface": "south"},
				"down": {"uv": [7.225, 0, 8.225, 5], "texture": "#texture", "cullface": "south"}
			}
		},
		{
			"from": [7.35, 4.635, 13],
			"to": [8.65, 5.535, 17],
			"faces": {
				"north": {"uv": [7.625, 10.465, 8.925, 11.365], "texture": "#texture", "cullface": "south"},
				"east": {"uv": [0, 10.465, 3, 11.365], "texture": "#texture", "cullface": "south"},
				"south": {"uv": [7.075, 10.465, 8.375, 11.365], "texture": "#texture", "cullface": "south"},
				"west": {"uv": [13, 10.465, 16, 11.365], "texture": "#texture", "cullface": "south"},
				"down": {"uv": [7.075, 0, 8.375, 3], "texture": "#texture", "cullface": "south"}
			}
		},
		{
			"from": [7.692, 7.827, 3.5],
			"to": [7.942, 8.327, 19],
			"rotation": {"angle": -22.5, "axis": "z", "origin": [7.692, 8.327, 3.5]},
			"faces": {
				"north": {"uv": [8.52434, 7.63494, 8.77434, 8.13494], "texture": "#texture", "cullface": "south"},
				"south": {"uv": [7.22566, 7.63494, 7.47566, 8.13494], "texture": "#texture", "cullface": "south"},
				"west": {"uv": [3.5, 7.63494, 16, 8.13494], "texture": "#texture", "cullface": "south"},
				"down": {"uv": [7.22566, 0, 7.47566, 12.5], "texture": "#texture", "cullface": "south"}
			}
		},
		{
			"from": [7.5674, 7.877, -0.9],
			"to": [7.8174, 8.027, 3.5],
			"rotation": {"angle": -22.5, "axis": "z", "origin": [7.56734, 8.027, -0.9]},
			"faces": {
				"north": {"uv": [8.51501, 7.9616, 8.76501, 8.11161], "texture": "#texture", "cullface": "north"},
				"south": {"uv": [7.23499, 7.9616, 7.48499, 8.11161], "texture": "#texture", "cullface": "north"},
				"west": {"uv": [0, 7.9616, 3.5, 8.11161], "texture": "#texture", "cullface": "north"},
				"up": {"uv": [7.23499, 0, 7.48499, 3.5], "texture": "#texture", "cullface": "north"}
			}
		},
		{
			"from": [7.7414, 7.777, -0.9],
			"to": [7.9914, 8.277, 3.5],
			"rotation": {"angle": -22.5, "axis": "z", "origin": [7.74134, 8.277, -0.9]},
			"faces": {
				"north": {"uv": [8.47495, 7.68496, 8.72495, 8.18496], "texture": "#gray_new", "cullface": "north"},
				"east": {"uv": [12.5, 7.68496, 16, 8.18496], "texture": "#gray_new", "cullface": "north"},
				"south": {"uv": [7.27505, 7.68496, 7.52505, 8.18496], "texture": "#gray_new", "cullface": "north"},
				"west": {"uv": [0, 7.68496, 3.5, 8.18496], "texture": "#gray_new", "cullface": "north"}
			}
		},
		{
			"from": [7.2914, 8.157, -0.8],
			"to": [8.2914, 8.307, -0.65],
			"rotation": {"angle": -22.5, "axis": "z", "origin": [7.29134, 8.307, -0.8]},
			"faces": {
				"north": {"uv": [8.04101, 7.6816, 9.04101, 7.8316], "texture": "#gray_new", "cullface": "north"},
				"south": {"uv": [6.95899, 7.6816, 7.95899, 7.8316], "texture": "#gray_new", "cullface": "north"},
				"west": {"uv": [15.2, 7.6816, 15.35, 7.8316], "texture": "#gray_new", "cullface": "north"},
				"up": {"uv": [6.95899, 15.2, 7.95899, 15.35], "texture": "#gray_new", "cullface": "north"},
				"down": {"uv": [6.95899, 0.65, 7.95899, 0.8], "texture": "#gray_new", "cullface": "north"}
			}
		},
		{
			"from": [6.8414, 8.147, -0.81],
			"to": [7.5414, 8.747, -0.64],
			"rotation": {"angle": -22.5, "axis": "z", "origin": [6.84134, 8.747, -0.81]},
			"faces": {
				"north": {"uv": [8.96322, 7.20735, 9.66321, 7.80735], "texture": "#gray_new", "cullface": "north"},
				"east": {"uv": [0.64, 7.20735, 0.81, 7.80735], "texture": "#gray_new", "cullface": "north"},
				"south": {"uv": [6.33679, 7.20735, 7.03679, 7.80735], "texture": "#gray_new", "cullface": "north"},
				"west": {"uv": [15.19, 7.20735, 15.36, 7.80735], "texture": "#gray_new", "cullface": "north"},
				"up": {"uv": [6.33679, 15.19, 7.03679, 15.36], "texture": "#gray_new", "cullface": "north"},
				"down": {"uv": [6.33679, 0.64, 7.03679, 0.81], "texture": "#gray_new", "cullface": "north"}
			}
		},
		{
			"from": [7.598, 6.123, -3.6],
			"to": [8.398, 6.923, -3.1],
			"faces": {
				"north": {"uv": [7.877, 9.077, 8.677, 9.877], "texture": "#gray_new", "cullface": "north"},
				"east": {"uv": [3.1, 9.077, 3.6, 9.877], "texture": "#gray_new", "cullface": "north"},
				"west": {"uv": [12.4, 9.077, 12.9, 9.877], "texture": "#gray_new", "cullface": "north"},
				"up": {"uv": [7.323, 12.4, 8.123, 12.9], "texture": "#gray_new", "cullface": "north"},
				"down": {"uv": [7.323, 3.1, 8.123, 3.6], "texture": "#gray_new", "cullface": "north"}
			}
		},
		{
			"from": [7.598, 7.223, -3.6],
			"to": [8.398, 8.023, -3.1],
			"faces": {
				"north": {"uv": [7.877, 7.977, 8.677, 8.777], "texture": "#gray_new", "cullface": "north"},
				"east": {"uv": [3.1, 7.977, 3.6, 8.777], "texture": "#gray_new", "cullface": "north"},
				"south": {"uv": [7.323, 7.977, 8.123, 8.777], "texture": "#gray_new", "cullface": "north"},
				"west": {"uv": [12.4, 7.977, 12.9, 8.777], "texture": "#gray_new", "cullface": "north"},
				"up": {"uv": [7.323, 12.4, 8.123, 12.9], "texture": "#gray_new", "cullface": "north"},
				"down": {"uv": [7.323, 3.1, 8.123, 3.6], "texture": "#gray_new", "cullface": "north"}
			}
		},
		{
			"from": [7.648, 6.023, -5.1],
			"to": [8.148, 6.523, -3.6],
			"rotation": {"angle": 45, "axis": "z", "origin": [7.648, 6.523, -5.1]},
			"faces": {
				"north": {"uv": [7.77345, 9.33055, 8.27345, 9.83055], "texture": "#gray_new", "cullface": "north"},
				"east": {"uv": [3.6, 9.33055, 5.1, 9.83055], "texture": "#gray_new", "cullface": "north"},
				"west": {"uv": [10.9, 9.33055, 12.4, 9.83055], "texture": "#gray_new", "cullface": "north"},
				"up": {"uv": [7.72655, 10.9, 8.22655, 12.4], "texture": "#gray_new", "cullface": "north"},
				"down": {"uv": [7.72655, 3.6, 8.22655, 5.1], "texture": "#gray_new", "cullface": "north"}
			}
		},
		{
			"from": [7.798, 6.823, -3.5],
			"to": [8.198, 7.623, -3.1],
			"faces": {
				"north": {"uv": [8.077, 8.377, 8.477, 9.177], "texture": "#gray_new", "cullface": "north"},
				"east": {"uv": [3.1, 8.377, 3.5, 9.177], "texture": "#gray_new", "cullface": "north"},
				"west": {"uv": [12.5, 8.377, 12.9, 9.177], "texture": "#gray_new", "cullface": "north"}
			}
		},
		{
			"from": [7.698, 7.623, -3.5],
			"to": [8.298, 8.623, -3.4],
			"faces": {
				"north": {"uv": [7.977, 7.377, 8.577, 8.377], "texture": "#gray_new", "cullface": "north"},
				"east": {"uv": [3.4, 7.377, 3.5, 8.377], "texture": "#gray_new", "cullface": "north"},
				"south": {"uv": [7.423, 7.377, 8.023, 8.377], "texture": "#gray_new", "cullface": "north"},
				"west": {"uv": [12.5, 7.377, 12.6, 8.377], "texture": "#gray_new", "cullface": "north"}
			}
		},
		{
			"from": [7.698, 8.623, -3.6],
			"to": [8.298, 8.673, -3.35],
			"faces": {
				"north": {"uv": [7.977, 7.327, 8.577, 7.377], "texture": "#gray_new", "cullface": "north"},
				"east": {"uv": [3.35, 7.327, 3.6, 7.377], "texture": "#gray_new", "cullface": "north"},
				"south": {"uv": [7.423, 7.327, 8.023, 7.377], "texture": "#gray_new", "cullface": "north"},
				"west": {"uv": [12.4, 7.327, 12.65, 7.377], "texture": "#gray_new", "cullface": "north"},
				"up": {"uv": [7.423, 12.4, 8.023, 12.65], "texture": "#gray_new", "cullface": "north"},
				"down": {"uv": [7.423, 3.35, 8.023, 3.6], "texture": "#gray_new", "cullface": "north"}
			}
		},
		{
			"from": [7.698, 9.273, -3.6],
			"to": [8.298, 9.323, -3.35],
			"faces": {
				"north": {"uv": [7.977, 6.677, 8.577, 6.727], "texture": "#gray_new", "cullface": "north"},
				"east": {"uv": [3.35, 6.677, 3.6, 6.727], "texture": "#gray_new", "cullface": "north"},
				"south": {"uv": [7.423, 6.677, 8.023, 6.727], "texture": "#gray_new", "cullface": "north"},
				"west": {"uv": [12.4, 6.677, 12.65, 6.727], "texture": "#gray_new", "cullface": "north"},
				"up": {"uv": [7.423, 12.4, 8.023, 12.65], "texture": "#gray_new", "cullface": "north"},
				"down": {"uv": [7.423, 3.35, 8.023, 3.6], "texture": "#gray_new", "cullface": "north"}
			}
		},
		{
			"from": [7.648, 8.673, -3.6],
			"to": [7.698, 9.273, -3.35],
			"faces": {
				"north": {"uv": [8.577, 6.727, 8.627, 7.327], "texture": "#gray_new", "cullface": "north"},
				"east": {"uv": [3.35, 6.727, 3.6, 7.327], "texture": "#gray_new", "cullface": "north"},
				"south": {"uv": [7.373, 6.727, 7.423, 7.327], "texture": "#gray_new", "cullface": "north"},
				"west": {"uv": [12.4, 6.727, 12.65, 7.327], "texture": "#gray_new", "cullface": "north"},
				"up": {"uv": [7.373, 12.4, 7.423, 12.65], "texture": "#gray_new", "cullface": "north"},
				"down": {"uv": [7.373, 3.35, 7.423, 3.6], "texture": "#gray_new", "cullface": "north"}
			}
		},
		{
			"from": [8.298, 8.673, -3.6],
			"to": [8.348, 9.273, -3.35],
			"faces": {
				"north": {"uv": [7.927, 6.727, 7.977, 7.327], "texture": "#gray_new", "cullface": "north"},
				"east": {"uv": [3.35, 6.727, 3.6, 7.327], "texture": "#gray_new", "cullface": "north"},
				"south": {"uv": [8.023, 6.727, 8.073, 7.327], "texture": "#gray_new", "cullface": "north"},
				"west": {"uv": [12.4, 6.727, 12.65, 7.327], "texture": "#gray_new", "cullface": "north"},
				"up": {"uv": [8.023, 12.4, 8.073, 12.65], "texture": "#gray_new", "cullface": "north"},
				"down": {"uv": [8.023, 3.35, 8.073, 3.6], "texture": "#gray_new", "cullface": "north"}
			}
		},
		{
			"from": [7.973, 8.673, -3.6],
			"to": [8.023, 8.923, -3.35],
			"faces": {
				"north": {"uv": [8.252, 7.077, 8.302, 7.327], "texture": "#gray_new", "cullface": "north"},
				"east": {"uv": [3.35, 7.077, 3.6, 7.327], "texture": "#gray_new", "cullface": "north"},
				"south": {"uv": [7.698, 7.077, 7.748, 7.327], "texture": "#gray_new", "cullface": "north"},
				"west": {"uv": [12.4, 7.077, 12.65, 7.327], "texture": "#gray_new", "cullface": "north"},
				"up": {"uv": [7.698, 12.4, 7.748, 12.65], "texture": "#gray_new", "cullface": "north"}
			}
		},
		{
			"from": [8.118, 8.723, 18.4],
			"to": [8.198, 8.923, 18.65],
			"faces": {
				"north": {"uv": [7.802, 7.077, 7.882, 7.277], "texture": "#gray_new", "cullface": "south"},
				"east": {"uv": [13.35, 7.077, 13.6, 7.277], "texture": "#gray_new", "cullface": "south"},
				"south": {"uv": [8.118, 7.077, 8.198, 7.277], "texture": "#gray_new", "cullface": "south"},
				"west": {"uv": [2.4, 7.077, 2.65, 7.277], "texture": "#gray_new", "cullface": "south"},
				"up": {"uv": [8.118, 2.4, 8.198, 2.65], "texture": "#gray_new", "cullface": "south"}
			}
		},
		{
			"from": [7.698, 7.973, 17.75],
			"to": [8.298, 8.473, 18.75],
			"faces": {
				"north": {"uv": [7.977, 7.527, 8.577, 8.027], "texture": "#gray_new", "cullface": "south"},
				"east": {"uv": [13.25, 7.527, 14.25, 8.027], "texture": "#gray_new", "cullface": "south"},
				"south": {"uv": [7.423, 7.527, 8.023, 8.027], "texture": "#gray_new", "cullface": "south"},
				"west": {"uv": [1.75, 7.527, 2.75, 8.027], "texture": "#gray_new", "cullface": "south"},
				"up": {"uv": [7.423, 1.75, 8.023, 2.75], "texture": "#gray_new", "cullface": "south"}
			}
		},
		{
			"from": [7.798, 8.473, 18.15],
			"to": [8.198, 8.723, 18.65],
			"faces": {
				"north": {"uv": [8.077, 7.277, 8.477, 7.527], "texture": "#gray_new", "cullface": "south"},
				"east": {"uv": [13.35, 7.277, 13.85, 7.527], "texture": "#gray_new", "cullface": "south"},
				"south": {"uv": [7.523, 7.277, 7.923, 7.527], "texture": "#gray_new", "cullface": "south"},
				"west": {"uv": [2.15, 7.277, 2.65, 7.527], "texture": "#gray_new", "cullface": "south"},
				"up": {"uv": [7.523, 2.15, 7.923, 2.65], "texture": "#gray_new", "cullface": "south"}
			}
		},
		{
			"from": [7.798, 8.723, 18.4],
			"to": [7.878, 8.923, 18.65],
			"faces": {
				"north": {"uv": [8.122, 7.077, 8.202, 7.277], "texture": "#gray_new", "cullface": "south"},
				"east": {"uv": [13.35, 7.077, 13.6, 7.277], "texture": "#gray_new", "cullface": "south"},
				"south": {"uv": [7.798, 7.077, 7.878, 7.277], "texture": "#gray_new", "cullface": "south"},
				"west": {"uv": [2.4, 7.077, 2.65, 7.277], "texture": "#gray_new", "cullface": "south"},
				"up": {"uv": [7.798, 2.4, 7.878, 2.65], "texture": "#gray_new", "cullface": "south"}
			}
		},
		{
			"from": [7.5, -2.745, 10.07],
			"to": [8.5, 2.255, 12.32],
			"rotation": {"angle": 22.5, "axis": "x", "origin": [7.5, 5.255, 10.07]},
			"faces": {
				"north": {"uv": [7.775, 13.13604, 8.775, 16], "texture": "#gray_new", "cullface": "down"},
				"east": {"uv": [6.74147, 13.13604, 8.99147, 16], "texture": "#gray_new", "cullface": "down"},
				"south": {"uv": [7.225, 13.13604, 8.225, 16], "texture": "#gray_new", "cullface": "down"},
				"west": {"uv": [7.00853, 13.13604, 9.25853, 16], "texture": "#gray_new", "cullface": "down"},
				"down": {"uv": [7.225, 6.74147, 8.225, 8.99147], "texture": "#gray_new", "cullface": "down"}
			}
		},
		{
			"from": [7.5, -0.135, 15.25],
			"to": [8.5, 4.615, 17],
			"rotation": {"angle": -22.5, "axis": "x", "origin": [7.5, 4.615, 15.25]},
			"faces": {
				"north": {"uv": [7.775, 11.02343, 8.775, 15.77343], "texture": "#texture", "cullface": "south"},
				"east": {"uv": [13.18225, 11.02343, 14.93225, 15.77343], "texture": "#texture", "cullface": "south"},
				"south": {"uv": [7.225, 11.02343, 8.225, 15.77343], "texture": "#texture", "cullface": "south"},
				"west": {"uv": [1.06775, 11.02343, 2.81775, 15.77343], "texture": "#texture", "cullface": "south"},
				"down": {"uv": [7.225, 13.18225, 8.225, 14.93225], "texture": "#texture", "cullface": "south"}
			}
		},
		{
			"from": [7.502, 2.865, 15.75],
			"to": [8.498, 4.865, 17.75],
			"rotation": {"angle": -45, "axis": "x", "origin": [7.502, 4.865, 15.75]},
			"faces": {
				"north": {"uv": [7.777, 10.54921, 8.773, 12.54921], "texture": "#texture", "cullface": "south"},
				"east": {"uv": [12.83579, 10.54921, 14.83579, 12.54921], "texture": "#texture", "cullface": "south"},
				"south": {"uv": [7.227, 10.54921, 8.223, 12.54921], "texture": "#texture", "cullface": "south"},
				"west": {"uv": [1.16421, 10.54921, 3.16421, 12.54921], "texture": "#texture", "cullface": "south"},
				"up": {"uv": [7.227, 1.16421, 8.223, 3.16421], "texture": "#texture", "cullface": "south"},
				"down": {"uv": [7.227, 12.83579, 8.223, 14.83579], "texture": "#texture", "cullface": "south"}
			}
		},
		{
			"from": [7.502, 2.255, 16.73],
			"to": [8.498, 4.505, 16.98],
			"rotation": {"angle": 45, "axis": "x", "origin": [7.502, 4.505, 16.73]},
			"faces": {
				"north": {"uv": [7.777, 10.83599, 8.773, 13.08599], "texture": "#gray_new", "cullface": "south"},
				"east": {"uv": [0.61099, 10.83599, 0.86099, 13.08599], "texture": "#gray_new", "cullface": "south"},
				"south": {"uv": [7.227, 10.83599, 8.223, 13.08599], "texture": "#gray_new", "cullface": "south"},
				"west": {"uv": [15.13901, 10.83599, 15.38901, 13.08599], "texture": "#gray_new", "cullface": "south"},
				"up": {"uv": [7.227, 15.13901, 8.223, 15.38901], "texture": "#gray_new", "cullface": "south"}
			}
		},
		{
			"from": [7.502, 2.575, 12.05],
			"to": [8.498, 4.825, 12.3],
			"rotation": {"angle": -22.5, "axis": "x", "origin": [7.502, 4.825, 12.05]},
			"faces": {
				"north": {"uv": [7.777, 11.00373, 8.773, 13.25373], "texture": "#gray_new"},
				"east": {"uv": [2.83896, 11.00373, 3.08896, 13.25373], "texture": "#gray_new"},
				"south": {"uv": [7.227, 11.00373, 8.223, 13.25373], "texture": "#gray_new"},
				"west": {"uv": [12.91104, 11.00373, 13.16104, 13.25373], "texture": "#gray_new"}
			}
		},
		{
			"from": [7.502, 2.725, 12.91],
			"to": [8.498, 2.975, 15.31],
			"faces": {
				"north": {"uv": [7.777, 13.025, 8.773, 13.275], "texture": "#gray_new"},
				"east": {"uv": [0.69, 13.025, 3.09, 13.275], "texture": "#gray_new"},
				"south": {"uv": [7.227, 13.025, 8.223, 13.275], "texture": "#gray_new"},
				"west": {"uv": [12.91, 13.025, 15.31, 13.275], "texture": "#gray_new"},
				"up": {"uv": [7.227, 12.91, 8.223, 15.31], "texture": "#gray_new"},
				"down": {"uv": [7.227, 0.69, 8.223, 3.09], "texture": "#gray_new"}
			}
		},
		{
			"from": [7.502, 3.825, 14.55],
			"to": [8.498, 4.825, 14.8],
			"faces": {
				"north": {"uv": [7.777, 11.175, 8.773, 12.175], "texture": "#gray_new"},
				"east": {"uv": [1.2, 11.175, 1.45, 12.175], "texture": "#gray_new"},
				"south": {"uv": [7.227, 11.175, 8.223, 12.175], "texture": "#gray_new"},
				"west": {"uv": [14.55, 11.175, 14.8, 12.175], "texture": "#gray_new"},
				"down": {"uv": [7.227, 1.2, 8.223, 1.45], "texture": "#gray_new"}
			}
		},
		{
			"from": [7.504, 3.425, 14.55],
			"to": [8.496, 3.925, 14.8],
			"rotation": {"angle": 22.5, "axis": "x", "origin": [7.504, 3.925, 14.55]},
			"faces": {
				"north": {"uv": [7.779, 12.03694, 8.771, 12.53694], "texture": "#gray_new"},
				"east": {"uv": [1.39134, 12.03694, 1.64134, 12.53694], "texture": "#gray_new"},
				"south": {"uv": [7.229, 12.03694, 8.221, 12.53694], "texture": "#gray_new"},
				"west": {"uv": [14.35866, 12.03694, 14.60866, 12.53694], "texture": "#gray_new"},
				"down": {"uv": [7.229, 1.39134, 8.221, 1.64134], "texture": "#gray_new"}
			}
		},
		{
			"from": [7.6, 3.575, 11.05],
			"to": [8.4, 4.825, 11.3],
			"faces": {
				"east": {"uv": [4.7, 11.175, 4.95, 12.425], "texture": "#gray_new"},
				"south": {"uv": [7.325, 11.175, 8.125, 12.425], "texture": "#gray_new"},
				"west": {"uv": [11.05, 11.175, 11.3, 12.425], "texture": "#gray_new"},
				"down": {"uv": [7.325, 4.7, 8.125, 4.95], "texture": "#gray_new"}
			}
		},
		{
			"from": [7.298, 5.523, 18.9],
			"to": [8.298, 6.523, 20.9],
			"rotation": {"angle": 45, "axis": "z", "origin": [7.298, 6.523, 18.9]},
			"faces": {
				"north": {"uv": [7.26989, 9.18411, 8.26989, 10.18411], "texture": "#gray_new", "cullface": "south"},
				"east": {"uv": [11.1, 9.18411, 13.1, 10.18411], "texture": "#gray_new", "cullface": "south"},
				"west": {"uv": [2.9, 9.18411, 4.9, 10.18411], "texture": "#gray_new", "cullface": "south"},
				"up": {"uv": [7.73011, 2.9, 8.73011, 4.9], "texture": "#gray_new", "cullface": "south"},
				"down": {"uv": [7.73011, 11.1, 8.73011, 13.1], "texture": "#gray_new", "cullface": "south"}
			}
		},
		{
			"from": [7.248, 3.473, 20.9],
			"to": [8.748, 7.473, 21.65],
			"faces": {
				"north": {"uv": [7.527, 8.527, 9.027, 12.527], "texture": "#gray_new", "cullface": "south"},
				"east": {"uv": [10.35, 8.527, 11.1, 12.527], "texture": "#gray_new", "cullface": "south"},
				"south": {"uv": [6.973, 8.527, 8.473, 12.527], "texture": "#gray_new", "cullface": "south"},
				"west": {"uv": [4.9, 8.527, 5.65, 12.527], "texture": "#gray_new", "cullface": "south"},
				"up": {"uv": [6.973, 4.9, 8.473, 5.65], "texture": "#gray_new", "cullface": "south"},
				"down": {"uv": [6.973, 10.35, 8.473, 11.1], "texture": "#gray_new", "cullface": "south"}
			}
		},
		{
			"from": [7.5, 1.615, 8.75],
			"to": [8.5, 5.615, 11],
			"faces": {
				"north": {"uv": [7.775, 10.385, 8.775, 14.385], "texture": "#gray_new"},
				"east": {"uv": [5, 10.385, 7.25, 14.385], "texture": "#gray_new"},
				"south": {"uv": [7.225, 10.385, 8.225, 14.385], "texture": "#gray_new"},
				"west": {"uv": [8.75, 10.385, 11, 14.385], "texture": "#gray_new"},
				"down": {"uv": [7.225, 5, 8.225, 7.25], "texture": "#gray_new"}
			}
		},
		{
			"from": [8.57667, 8.03524, 4.8],
			"to": [8.77667, 8.13524, 9.28],
			"rotation": {"angle": 0, "axis": "y", "origin": [7.97667, 14.23524, 2]},
			"faces": {
				"north": {"uv": [1, 0, 0, 0.5], "texture": "#texture"},
				"east": {"uv": [16, 0, 0, 0.5], "texture": "#texture"},
				"south": {"uv": [1, 0, 0, 0.5], "texture": "#texture"},
				"west": {"uv": [16, 0, 0, 0.5], "texture": "#texture"},
				"up": {"uv": [0, 16, 1, 0], "texture": "#texture"},
				"down": {"uv": [0, 16, 1, 0], "texture": "#texture"}
			}
		},
		{
			"from": [7.22333, 8.03524, 4.8],
			"to": [7.42333, 8.13524, 9.28],
			"rotation": {"angle": 0, "axis": "y", "origin": [8.02333, 14.23524, 2]},
			"faces": {
				"north": {"uv": [2, 0, 1, 0.5], "texture": "#texture"},
				"east": {"uv": [16, 0, 0, 0.5], "texture": "#texture"},
				"south": {"uv": [2, 0, 1, 0.5], "texture": "#texture"},
				"west": {"uv": [16, 0, 0, 0.5], "texture": "#texture"},
				"up": {"uv": [1, 16, 2, 0], "texture": "#texture"},
				"down": {"uv": [1, 16, 2, 0], "texture": "#texture"}
			}
		},
		{
			"from": [8.67667, 8.13524, 4.8],
			"to": [8.77667, 8.49524, 9.28],
			"rotation": {"angle": 0, "axis": "y", "origin": [7.97667, 14.23524, 2]},
			"faces": {
				"north": {"uv": [2, 0, 1.5, 1.8], "texture": "#texture"},
				"east": {"uv": [16, 0, 0, 1.8], "texture": "#texture"},
				"south": {"uv": [2, 0, 1.5, 1.8], "texture": "#texture"},
				"west": {"uv": [16, 0, 0, 1.8], "texture": "#texture"},
				"up": {"uv": [1.5, 16, 2, 0], "texture": "#texture"},
				"down": {"uv": [1.5, 16, 2, 0], "texture": "#texture"}
			}
		},
		{
			"from": [7.22333, 8.13524, 4.8],
			"to": [7.32333, 8.49524, 9.28],
			"rotation": {"angle": 0, "axis": "y", "origin": [8.02333, 14.23524, 2]},
			"faces": {
				"north": {"uv": [2.5, 0, 2, 1.8], "texture": "#texture"},
				"east": {"uv": [16, 0, 0, 1.8], "texture": "#texture"},
				"south": {"uv": [2.5, 0, 2, 1.8], "texture": "#texture"},
				"west": {"uv": [16, 0, 0, 1.8], "texture": "#texture"},
				"up": {"uv": [2, 16, 2.5, 0], "texture": "#texture"},
				"down": {"uv": [2, 16, 2.5, 0], "texture": "#texture"}
			}
		},
		{
			"from": [7.32333, 8.39524, 4.8],
			"to": [8.70333, 8.49524, 9.28],
			"rotation": {"angle": 0, "axis": "y", "origin": [8.02333, 14.23524, 2]},
			"faces": {
				"north": {"uv": [8.9, 0, 2, 0.5], "texture": "#texture"},
				"east": {"uv": [16, 0, 0, 0.5], "texture": "#texture"},
				"south": {"uv": [8.9, 0, 2, 0.5], "texture": "#texture"},
				"west": {"uv": [16, 0, 0, 0.5], "texture": "#texture"},
				"up": {"uv": [2, 16, 8.9, 0], "texture": "#texture"},
				"down": {"uv": [2, 16, 8.9, 0], "texture": "#texture"}
			}
		},
		{
			"from": [7.9, 8.5, 5.12],
			"to": [8.1, 8.94, 9.28],
			"rotation": {"angle": 0, "axis": "y", "origin": [10.8, 14.62, 2.04]},
			"faces": {
				"north": {"uv": [1, 0, 0, 2.2], "texture": "#texture"},
				"east": {"uv": [16, 0, 0, 2.2], "texture": "#texture"},
				"south": {"uv": [1, 0, 0, 2.2], "texture": "#texture"},
				"west": {"uv": [16, 0, 0, 2.2], "texture": "#texture"},
				"up": {"uv": [0, 16, 1, 0], "texture": "#texture"},
				"down": {"uv": [0, 16, 1, 0], "texture": "#texture"}
			}
		},
		{
			"name": "hexadecagon",
			"from": [7.9, 8.86033, 6.34],
			"to": [8.1, 8.97967, 9.28],
			"rotation": {"angle": 0, "axis": "y", "origin": [9.76, 13.92, 2.1]},
			"faces": {
				"north": {"uv": [1, 0, 0, 1], "texture": "#texture"},
				"east": {"uv": [1, 0, 0, 1], "texture": "#texture"},
				"south": {"uv": [1, 0, 0, 1], "texture": "#texture"},
				"west": {"uv": [1, 0, 0, 1], "texture": "#texture"},
				"up": {"uv": [1, 0, 0, 1], "rotation": 90, "texture": "#texture"},
				"down": {"uv": [1, 0, 0, 1], "rotation": 270, "texture": "#texture"}
			}
		},
		{
			"name": "hexadecagon",
			"from": [7.9, 8.62, 8.92033],
			"to": [8.1, 9.22, 9.03967],
			"rotation": {"angle": 0, "axis": "y", "origin": [9.3, 13.92, 3.98]},
			"faces": {
				"north": {"uv": [1, 0, 0, 1], "texture": "#texture"},
				"east": {"uv": [1, 0, 0, 1], "texture": "#texture"},
				"south": {"uv": [1, 0, 0, 1], "texture": "#texture"},
				"west": {"uv": [1, 0, 0, 1], "texture": "#texture"},
				"up": {"uv": [0, 1, 1, 0], "texture": "#texture"},
				"down": {"uv": [0, 1, 1, 0], "texture": "#texture"}
			}
		},
		{
			"name": "hexadecagon",
			"from": [7.9, 8.62, 6.74],
			"to": [8.1, 9.22, 8.92],
			"rotation": {"angle": 0, "axis": "y", "origin": [9.76, 13.92, 2.1]},
			"faces": {
				"north": {"uv": [1, 0, 0, 1], "texture": "#texture"},
				"east": {"uv": [1, 0, 0, 1], "texture": "#texture"},
				"south": {"uv": [1, 0, 0, 1], "texture": "#texture"},
				"west": {"uv": [1, 0, 0, 1], "texture": "#texture"},
				"up": {"uv": [1, 0, 0, 1], "rotation": 90, "texture": "#texture"},
				"down": {"uv": [1, 0, 0, 1], "rotation": 270, "texture": "#texture"}
			}
		},
		{
			"name": "hexadecagon",
			"from": [7.97215, 9.12, 6.68],
			"to": [8.02785, 9.22, 6.96],
			"rotation": {"angle": 0, "axis": "y", "origin": [8, 14.22, 1.82]},
			"faces": {
				"north": {"uv": [1, 0, 0, 1], "texture": "#texture"},
				"east": {"uv": [1, 0, 0, 1], "texture": "#texture"},
				"south": {"uv": [1, 0, 0, 1], "texture": "#texture"},
				"west": {"uv": [1, 0, 0, 1], "texture": "#texture"},
				"up": {"uv": [0, 1, 1, 0], "texture": "#texture"},
				"down": {"uv": [0, 1, 1, 0], "texture": "#texture"}
			}
		},
		{
			"name": "hexadecagon",
			"from": [7.86, 9.12, 6.79215],
			"to": [8.14, 9.22, 6.84785],
			"rotation": {"angle": 0, "axis": "y", "origin": [8, 14.22, 1.82]},
			"faces": {
				"north": {"uv": [1, 0, 0, 1], "texture": "#texture"},
				"east": {"uv": [1, 0, 0, 1], "texture": "#texture"},
				"south": {"uv": [1, 0, 0, 1], "texture": "#texture"},
				"west": {"uv": [1, 0, 0, 1], "texture": "#texture"},
				"up": {"uv": [0, 1, 1, 0], "texture": "#texture"},
				"down": {"uv": [0, 1, 1, 0], "texture": "#texture"}
			}
		},
		{
			"name": "hexadecagon",
			"from": [7.24, 8.6, 8.90033],
			"to": [8.76, 9.2, 9.01967],
			"rotation": {"angle": 0, "axis": "y", "origin": [8, 13.9, 3.96]},
			"faces": {
				"north": {"uv": [1, 0, 0, 1], "texture": "#texture"},
				"east": {"uv": [1, 0, 0, 1], "texture": "#texture"},
				"south": {"uv": [1, 0, 0, 1], "texture": "#texture"},
				"west": {"uv": [1, 0, 0, 1], "texture": "#texture"},
				"up": {"uv": [0, 1, 1, 0], "texture": "#texture"},
				"down": {"uv": [0, 1, 1, 0], "texture": "#texture"}
			}
		},
		{
			"name": "hexadecagon",
			"from": [7.48033, 8.6, 6.32],
			"to": [8.51967, 9.2, 8.9],
			"rotation": {"angle": 0, "axis": "y", "origin": [8.46, 13.9, 2.08]},
			"faces": {
				"north": {"uv": [1, 0, 0, 1], "texture": "#texture"},
				"east": {"uv": [1, 0, 0, 1], "texture": "#texture"},
				"south": {"uv": [1, 0, 0, 1], "texture": "#texture"},
				"west": {"uv": [1, 0, 0, 1], "texture": "#texture"},
				"up": {"uv": [1, 0, 0, 1], "rotation": 90, "texture": "#texture"},
				"down": {"uv": [1, 0, 0, 1], "rotation": 270, "texture": "#texture"}
			}
		},
		{
			"name": "hexadecagon",
			"from": [7.24, 8.84033, 6.32],
			"to": [8.76, 8.95967, 9.26],
			"rotation": {"angle": 0, "axis": "y", "origin": [8.46, 13.9, 2.08]},
			"faces": {
				"north": {"uv": [1, 0, 0, 1], "texture": "#texture"},
				"east": {"uv": [1, 0, 0, 1], "texture": "#texture"},
				"south": {"uv": [1, 0, 0, 1], "texture": "#texture"},
				"west": {"uv": [1, 0, 0, 1], "texture": "#texture"},
				"up": {"uv": [1, 0, 0, 1], "rotation": 90, "texture": "#texture"},
				"down": {"uv": [1, 0, 0, 1], "rotation": 270, "texture": "#texture"}
			}
		},
		{
			"from": [7.24, 8.48, 5.1],
			"to": [8.76, 8.92, 9.26],
			"rotation": {"angle": 0, "axis": "y", "origin": [9.5, 14.6, 2.02]},
			"faces": {
				"north": {"uv": [7.6, 0, 0, 2.2], "texture": "#texture"},
				"east": {"uv": [16, 0, 0, 2.2], "texture": "#texture"},
				"south": {"uv": [7.6, 0, 0, 2.2], "texture": "#texture"},
				"west": {"uv": [16, 0, 0, 2.2], "texture": "#texture"},
				"up": {"uv": [0, 16, 7.6, 0], "texture": "#texture"},
				"down": {"uv": [0, 16, 7.6, 0], "texture": "#texture"}
			}
		},
		{
			"from": [7.24, 8.92, 5.12],
			"to": [8.76, 9.2, 6.86],
			"rotation": {"angle": 0, "axis": "y", "origin": [9.5, 14.6, 2.24]},
			"faces": {
				"north": {"uv": [7.6, 0, 0, 1.4], "texture": "#texture"},
				"east": {"uv": [8.7, 0, 0, 1.4], "texture": "#texture"},
				"south": {"uv": [7.6, 0, 0, 1.4], "texture": "#texture"},
				"west": {"uv": [8.7, 0, 0, 1.4], "texture": "#texture"},
				"up": {"uv": [0, 8.7, 7.6, 0], "texture": "#texture"},
				"down": {"uv": [0, 8.7, 7.6, 0], "texture": "#texture"}
			}
		},
		{
			"name": "hexadecagon",
			"from": [7.2502, 10.28, 5.23],
			"to": [8.7498, 10.34, 6.46],
			"rotation": {"angle": 0, "axis": "y", "origin": [7.44, 15.14, 0.94]},
			"faces": {
				"north": {"uv": [0, 0, 1, 1], "texture": "#texture"},
				"east": {"uv": [0, 0, 1, 1], "texture": "#texture"},
				"south": {"uv": [0, 0, 1, 1], "texture": "#texture"},
				"west": {"uv": [0, 0, 1, 1], "texture": "#texture"},
				"up": {"uv": [1, 1, 0, 0], "texture": "#texture"},
				"down": {"uv": [1, 1, 0, 0], "texture": "#texture"}
			}
		},
		{
			"from": [8.7, 9.2, 5.2],
			"to": [8.76, 9.48, 6.64],
			"rotation": {"angle": 0, "axis": "y", "origin": [9.5, 14.6, 2.22]},
			"faces": {
				"north": {"uv": [0.3, 0, 0, 1.4], "texture": "#texture"},
				"east": {"uv": [7.2, 0, 0, 1.4], "texture": "#texture"},
				"south": {"uv": [0.3, 0, 0, 1.4], "texture": "#texture"},
				"west": {"uv": [7.2, 0, 0, 1.4], "texture": "#texture"},
				"up": {"uv": [0, 7.2, 0.3, 0], "texture": "#texture"},
				"down": {"uv": [0, 7.2, 0.3, 0], "texture": "#texture"}
			}
		},
		{
			"from": [7.24, 9.2, 5.2],
			"to": [7.3, 9.48, 6.64],
			"rotation": {"angle": 0, "axis": "y", "origin": [6.5, 14.6, 2.22]},
			"faces": {
				"north": {"uv": [0, 0, 0.3, 1.4], "texture": "#texture"},
				"east": {"uv": [0, 0, 7.2, 1.4], "texture": "#texture"},
				"south": {"uv": [0, 0, 0.3, 1.4], "texture": "#texture"},
				"west": {"uv": [0, 0, 7.2, 1.4], "texture": "#texture"},
				"up": {"uv": [0.3, 7.2, 0, 0], "texture": "#texture"},
				"down": {"uv": [0.3, 7.2, 0, 0], "texture": "#texture"}
			}
		},
		{
			"from": [8.7, 9.19615, 5.1243],
			"to": [8.76, 9.31615, 6.5643],
			"rotation": {"angle": 0, "axis": "y", "origin": [9.5, 14.43615, 2.1443]},
			"faces": {
				"north": {"uv": [0.3, 0, 0, 0.6], "texture": "#texture"},
				"east": {"uv": [7.2, 0, 0, 0.6], "texture": "#texture"},
				"south": {"uv": [0.3, 0, 0, 0.6], "texture": "#texture"},
				"west": {"uv": [7.2, 0, 0, 0.6], "texture": "#texture"},
				"up": {"uv": [0, 7.2, 0.3, 0], "texture": "#texture"},
				"down": {"uv": [0, 7.2, 0.3, 0], "texture": "#texture"}
			}
		},
		{
			"from": [7.24, 9.19615, 5.1243],
			"to": [7.3, 9.31615, 6.5643],
			"rotation": {"angle": 0, "axis": "y", "origin": [6.5, 14.43615, 2.1443]},
			"faces": {
				"north": {"uv": [0, 0, 0.3, 0.6], "texture": "#texture"},
				"east": {"uv": [0, 0, 7.2, 0.6], "texture": "#texture"},
				"south": {"uv": [0, 0, 0.3, 0.6], "texture": "#texture"},
				"west": {"uv": [0, 0, 7.2, 0.6], "texture": "#texture"},
				"up": {"uv": [0.3, 7.2, 0, 0], "texture": "#texture"},
				"down": {"uv": [0.3, 7.2, 0, 0], "texture": "#texture"}
			}
		},
		{
			"from": [8.7, 9.47931, 5.27436],
			"to": [8.76, 10.01931, 6.11436],
			"rotation": {"angle": 0, "axis": "y", "origin": [9.5, 15.29931, 2.03436]},
			"faces": {
				"north": {"uv": [0.3, 0, 0, 2.7], "texture": "#texture"},
				"east": {"uv": [4.2, 0, 0, 2.7], "texture": "#texture"},
				"south": {"uv": [0.3, 0, 0, 2.7], "texture": "#texture"},
				"west": {"uv": [4.2, 0, 0, 2.7], "texture": "#texture"},
				"up": {"uv": [0, 4.2, 0.3, 0], "texture": "#texture"},
				"down": {"uv": [0, 4.2, 0.3, 0], "texture": "#texture"}
			}
		},
		{
			"from": [7.24, 9.4793, 5.27436],
			"to": [7.3, 10.3193, 6.35436],
			"rotation": {"angle": 0, "axis": "y", "origin": [6.5, 15.29931, 2.03436]},
			"faces": {
				"north": {"uv": [0.6, 0, 0.3, 3.2], "texture": "#texture"},
				"east": {"uv": [9.6, 0, 4.2, 3.2], "texture": "#texture"},
				"south": {"uv": [0.6, 0, 0.3, 3.2], "texture": "#texture"},
				"west": {"uv": [9.6, 0, 4.2, 3.2], "texture": "#texture"},
				"up": {"uv": [0.3, 5.4, 0.6, 0], "texture": "#texture"},
				"down": {"uv": [0.3, 5.4, 0.6, 0], "texture": "#texture"}
			}
		},
		{
			"from": [8.7, 9.47931, 5.27436],
			"to": [8.76, 10.31931, 6.35436],
			"rotation": {"angle": 0, "axis": "y", "origin": [9.5, 15.29931, 2.03436]},
			"faces": {
				"north": {"uv": [0.9, 0, 0.6, 3.2], "texture": "#texture"},
				"east": {"uv": [15, 0, 9.6, 3.2], "texture": "#texture"},
				"south": {"uv": [0.9, 0, 0.6, 3.2], "texture": "#texture"},
				"west": {"uv": [15, 0, 9.6, 3.2], "texture": "#texture"},
				"up": {"uv": [0.6, 5.4, 0.9, 0], "texture": "#texture"},
				"down": {"uv": [0.6, 5.4, 0.9, 0], "texture": "#texture"}
			}
		},
		{
			"name": "hexadecagon",
			"from": [7.30022, 9.18, 5.63],
			"to": [8.69978, 10.28, 5.63],
			"rotation": {"angle": 0, "axis": "y", "origin": [7.44, 15.14, 0.94]},
			"faces": {
				"north": {"uv": [0, 0, 1, 1], "texture": "#1_8"},
				"east": {"uv": [0, 0, 1, 1], "texture": "#1_8"},
				"south": {"uv": [0, 0, 1, 1], "texture": "#1_8"},
				"west": {"uv": [0, 0, 1, 1], "texture": "#1_8"},
				"up": {"uv": [1, 1, 0, 0], "texture": "#1_8"},
				"down": {"uv": [1, 1, 0, 0], "texture": "#1_8"}
			}
		},
		{
			"name": "hexadecagon",
			"from": [7.30022, 9.18, 6.38],
			"to": [8.69978, 10.28, 6.38],
			"rotation": {"angle": 0, "axis": "y", "origin": [7.44, 15.14, 0.94]},
			"faces": {
				"north": {"uv": [0, 0, 1, 1], "texture": "#1_8"},
				"east": {"uv": [0, 0, 1, 1], "texture": "#1_8"},
				"south": {"uv": [0, 0, 1, 1], "texture": "#1_8"},
				"west": {"uv": [0, 0, 1, 1], "texture": "#1_8"},
				"up": {"uv": [1, 1, 0, 0], "texture": "#1_8"},
				"down": {"uv": [1, 1, 0, 0], "texture": "#1_8"}
			}
		},
		{
			"from": [4, 5, 7],
			"to": [6.5, 5.011, 22],
			"rotation": {"angle": -22.5, "axis": "y", "origin": [12, 8, 13]},
			"faces": {
				"north": {"uv": [11.625, 7.75, 16, 16], "texture": "#0"},
				"east": {"uv": [0, 0, 13, 6.75], "texture": "#0"},
				"south": {"uv": [0, 0, 1, 1], "texture": "#0"},
				"west": {"uv": [0, 0, 16, 9.125], "texture": "#0"},
				"up": {"uv": [7.125, 2.625, 16, 16], "texture": "#0"},
				"down": {"uv": [0, 0, 1, 7], "texture": "#0"}
			}
		}
	],
	"display": {
		"thirdperson_righthand": {
			"rotation": [0, 0, 90],
			"translation": [-3.75, -1.25, -1.75],
			"scale": [0.5, 0.5, 0.5]
		},
		"thirdperson_lefthand": {
			"rotation": [10, 0, 0],
			"translation": [0, 2, -2],
			"scale": [0.5, 0.5, 0.5]
		},
		"firstperson_righthand": {
			"translation": [-2, 4, -5],
			"scale": [0.8, 0.8, 0.8]
		},
		"firstperson_lefthand": {
			"translation": [-16, 4, -5],
			"scale": [0.8, 0.8, 0.8]
		},
		"ground": {
			"rotation": [0, 0, 90],
			"translation": [0, -6, 0],
			"scale": [0.94, 0.94, 0.94]
		},
		"gui": {
			"rotation": [90, 45, -90],
			"translation": [1, 1, 0],
			"scale": [0.7, 0.7, 0.7]
		},
		"fixed": {
			"rotation": [90, -45, 90],
			"translation": [0, 2, 0]
		}
	},
	"groups": [0, 1, 2, 3, 4, 5, 6, 7, 8, 9, 10, 11, 12, 13, 14, 15, 16, 17, 18, 19, 20, 21, 22, 23, 24, 25, 26, 27, 28, 29, 30, 31, 32, 33, 34, 35, 36, 37, 38, 39, 40, 41, 42, 43, 44, 45, 46, 47, 48, 49, 50, 51, 52, 53,
		{
			"name": "new_diamond_horse_armor",
			"origin": [8, 8, 8],
			"children": [
				{
					"name": "Sights",
					"origin": [8, 8, 8],
					"children": [
						{
							"name": "Holographic Sight",
							"origin": [8, 8, 8],
							"children": [
								{
									"name": "Base",
									"origin": [8, 8, 8],
									"children": [54, 55, 56, 57, 58]
								},
								{
									"name": "Front Line",
									"origin": [10.3, 4.6, 7.5],
									"children": [59, 60, 61, 62, 63, 64]
								},
								{
									"name": "Middle",
									"origin": [8, 8, 8],
									"children": [65, 66, 67, 68, 69]
								},
								{
									"name": "Inner Lining",
									"origin": [15.5, 8, 7.9],
									"children": [70, 71, 72, 73, 74, 75, 76, 77]
								},
								{
									"name": "Glass",
									"origin": [5.2, 10.7, 13.3],
									"children": [78, 79]
								}
							]
						}
					]
				}
			]
		},
		{
			"name": "ryka",
			"origin": [8, 8, 8],
			"children": [80]
		}
	]
}