{
	"credit": "Made with Blockbench",
	"textures": {
		"0": "item/steve",
		"particle": "item/steve",
		"texture": "item/gray3",
		"texture1": "item/wood2"
	},
	"elements": [
		{
			"name": "Box1",
			"from": [7.4062, 6, 11],
			"to": [8.5937, 7.0625, 13.15625],
			"faces": {
				"north": {"uv": [7.40625, 8.9375, 8.59375, 10], "texture": "#texture"},
				"east": {"uv": [2.84375, 8.9375, 5, 10], "texture": "#texture"},
				"south": {"uv": [7.40625, 8.9375, 8.59375, 10], "texture": "#texture"},
				"west": {"uv": [11, 8.9375, 13.15625, 10], "texture": "#texture"},
				"up": {"uv": [7.40625, 11, 8.59375, 13.15625], "texture": "#texture"},
				"down": {"uv": [7.40625, 2.84375, 8.59375, 5], "texture": "#texture"}
			}
		},
		{
			"name": "Box1",
			"from": [7.5625, 7.8438, 10.5312],
			"to": [7.71875, 8.1563, 12.62495],
			"rotation": {"angle": -45, "axis": "z", "origin": [7.5625, 7.84375, 10.53125]},
			"faces": {
				"north": {"uv": [8.28125, 7.84375, 8.4375, 8.15625], "texture": "#texture1"},
				"east": {"uv": [3.375, 7.84375, 5.46875, 8.15625], "texture": "#texture1"},
				"south": {"uv": [7.5625, 7.84375, 7.71875, 8.15625], "texture": "#texture1"},
				"west": {"uv": [10.53125, 7.84375, 12.625, 8.15625], "texture": "#texture1"},
				"up": {"uv": [7.5625, 10.53125, 7.71875, 12.625], "texture": "#texture1"},
				"down": {"uv": [7.5625, 3.375, 7.71875, 5.46875], "texture": "#texture1"}
			}
		},
		{
			"name": "Box1",
			"from": [7.7812, 7.8438, 10.5312],
			"to": [8.2187, 8.06255, 12.62495],
			"faces": {
				"north": {"uv": [7.78125, 7.9375, 8.21875, 8.15625], "texture": "#texture1"},
				"east": {"uv": [3.375, 7.9375, 5.46875, 8.15625], "texture": "#texture1"},
				"south": {"uv": [7.78125, 7.9375, 8.21875, 8.15625], "texture": "#texture1"},
				"west": {"uv": [10.53125, 7.9375, 12.625, 8.15625], "texture": "#texture1"},
				"up": {"uv": [7.78125, 10.53125, 8.21875, 12.625], "texture": "#texture1"},
				"down": {"uv": [7.78125, 3.375, 8.21875, 5.46875], "texture": "#texture1"}
			}
		},
		{
			"name": "Box1",
			"from": [8.125, 7.6875, 10.5312],
			"to": [8.4375, 7.84375, 12.62495],
			"rotation": {"angle": -45, "axis": "z", "origin": [8.4375, 7.84375, 10.53125]},
			"faces": {
				"north": {"uv": [7.58146, 7.88952, 7.89396, 8.04576], "texture": "#texture1"},
				"east": {"uv": [3.375, 7.88952, 5.46875, 8.04576], "texture": "#texture1"},
				"south": {"uv": [8.10604, 7.88952, 8.41854, 8.04576], "texture": "#texture1"},
				"west": {"uv": [10.53125, 7.88952, 12.625, 8.04576], "texture": "#texture1"},
				"up": {"uv": [8.10604, 10.53125, 8.41854, 12.625], "texture": "#texture1"},
				"down": {"uv": [8.10604, 3.375, 8.41854, 5.46875], "texture": "#texture1"}
			}
		},
		{
			"name": "Box1",
			"from": [7.5625, 7.0625, 12.625],
			"to": [8.4375, 7.84375, 13.5625],
			"faces": {
				"north": {"uv": [7.5625, 8.15625, 8.4375, 8.9375], "texture": "#texture"},
				"east": {"uv": [2.4375, 8.15625, 3.375, 8.9375], "texture": "#texture"},
				"south": {"uv": [7.5625, 8.15625, 8.4375, 8.9375], "texture": "#texture"},
				"west": {"uv": [12.625, 8.15625, 13.5625, 8.9375], "texture": "#texture"},
				"up": {"uv": [7.5625, 12.625, 8.4375, 13.5625], "texture": "#texture"},
				"down": {"uv": [7.5625, 2.4375, 8.4375, 3.375], "texture": "#texture"}
			}
		},
		{
			"name": "Box1",
			"from": [7.5625, 7.8438, 12.625],
			"to": [7.71875, 8.1563, 13.375],
			"rotation": {"angle": -45, "axis": "z", "origin": [7.5625, 7.84375, 12.625]},
			"faces": {
				"north": {"uv": [8.28125, 7.84375, 8.4375, 8.15625], "texture": "#texture"},
				"east": {"uv": [2.625, 7.84375, 3.375, 8.15625], "texture": "#texture"},
				"south": {"uv": [7.5625, 7.84375, 7.71875, 8.15625], "texture": "#texture"},
				"west": {"uv": [12.625, 7.84375, 13.375, 8.15625], "texture": "#texture"},
				"up": {"uv": [7.5625, 12.625, 7.71875, 13.375], "texture": "#texture"},
				"down": {"uv": [7.5625, 2.625, 7.71875, 3.375], "texture": "#texture"}
			}
		},
		{
			"name": "Box1",
			"from": [8.125, 7.6875, 12.625],
			"to": [8.4375, 7.84375, 13.375],
			"rotation": {"angle": -45, "axis": "z", "origin": [8.4375, 7.84375, 12.625]},
			"faces": {
				"north": {"uv": [7.58146, 7.88952, 7.89396, 8.04576], "texture": "#texture"},
				"east": {"uv": [2.625, 7.88952, 3.375, 8.04576], "texture": "#texture"},
				"south": {"uv": [8.10604, 7.88952, 8.41854, 8.04576], "texture": "#texture"},
				"west": {"uv": [12.625, 7.88952, 13.375, 8.04576], "texture": "#texture"},
				"up": {"uv": [8.10604, 12.625, 8.41854, 13.375], "texture": "#texture"},
				"down": {"uv": [8.10604, 2.625, 8.41854, 3.375], "texture": "#texture"}
			}
		},
		{
			"name": "Box1",
			"from": [7.7812, 7.8438, 12.625],
			"to": [8.2187, 8.06255, 13.375],
			"faces": {
				"north": {"uv": [7.78125, 7.9375, 8.21875, 8.15625], "texture": "#texture"},
				"east": {"uv": [2.625, 7.9375, 3.375, 8.15625], "texture": "#texture"},
				"south": {"uv": [7.78125, 7.9375, 8.21875, 8.15625], "texture": "#texture"},
				"west": {"uv": [12.625, 7.9375, 13.375, 8.15625], "texture": "#texture"},
				"up": {"uv": [7.78125, 12.625, 8.21875, 13.375], "texture": "#texture"},
				"down": {"uv": [7.78125, 2.625, 8.21875, 3.375], "texture": "#texture"}
			}
		},
		{
			"name": "Box1",
			"from": [7.4064, 6, 11],
			"to": [8.5939, 7.0625, 11.21875],
			"rotation": {"angle": -22.5, "axis": "x", "origin": [7.40635, 6, 11]},
			"faces": {
				"north": {"uv": [7.40615, 8.9375, 8.59365, 10], "texture": "#texture"},
				"east": {"uv": [4.78125, 8.9375, 5, 10], "texture": "#texture"},
				"south": {"uv": [7.40635, 8.9375, 8.59385, 10], "texture": "#texture"},
				"west": {"uv": [11, 8.9375, 11.21875, 10], "texture": "#texture"},
				"up": {"uv": [7.40635, 11, 8.59385, 11.21875], "texture": "#texture"},
				"down": {"uv": [7.40635, 4.78125, 8.59385, 5], "texture": "#texture"}
			}
		},
		{
			"name": "Box1",
			"from": [7.4062, 6.9688, 10.5938],
			"to": [8.5937, 7.06255, 11.00005],
			"faces": {
				"north": {"uv": [7.40625, 8.9375, 8.59375, 9.03125], "texture": "#texture"},
				"east": {"uv": [5, 8.9375, 5.40625, 9.03125], "texture": "#texture"},
				"south": {"uv": [7.40625, 8.9375, 8.59375, 9.03125], "texture": "#texture"},
				"west": {"uv": [10.59375, 8.9375, 11, 9.03125], "texture": "#texture"},
				"up": {"uv": [7.40625, 10.59375, 8.59375, 11], "texture": "#texture"},
				"down": {"uv": [7.40625, 5, 8.59375, 5.40625], "texture": "#texture"}
			}
		},
		{
			"name": "Box1",
			"from": [7.4062, 6.5625, 10.8125],
			"to": [8.5937, 6.96875, 11],
			"faces": {
				"north": {"uv": [7.40625, 9.03125, 8.59375, 9.4375], "texture": "#texture"},
				"east": {"uv": [5, 9.03125, 5.1875, 9.4375], "texture": "#texture"},
				"south": {"uv": [7.40625, 9.03125, 8.59375, 9.4375], "texture": "#texture"},
				"west": {"uv": [10.8125, 9.03125, 11, 9.4375], "texture": "#texture"},
				"up": {"uv": [7.40625, 10.8125, 8.59375, 11], "texture": "#texture"},
				"down": {"uv": [7.40625, 5, 8.59375, 5.1875], "texture": "#texture"}
			}
		},
		{
			"name": "Box1",
			"from": [7.3438, 5.9062, 10.1562],
			"to": [8.6563, 7.31245, 10.5312],
			"faces": {
				"north": {"uv": [7.34375, 8.6875, 8.65625, 10.09375], "texture": "#texture1"},
				"east": {"uv": [5.46875, 8.6875, 5.84375, 10.09375], "texture": "#texture1"},
				"south": {"uv": [7.34375, 8.6875, 8.65625, 10.09375], "texture": "#texture1"},
				"west": {"uv": [10.15625, 8.6875, 10.53125, 10.09375], "texture": "#texture1"},
				"up": {"uv": [7.34375, 10.15625, 8.65625, 10.53125], "texture": "#texture1"},
				"down": {"uv": [7.34375, 5.46875, 8.65625, 5.84375], "texture": "#texture1"}
			}
		},
		{
			"name": "Box1",
			"from": [7.3438, 5.9062, 10.3125],
			"to": [8.6563, 7.06245, 10.53125],
			"rotation": {"angle": -22.5, "axis": "x", "origin": [7.34385, 7.0625, 10.53125]},
			"faces": {
				"north": {"uv": [7.34365, 8.9332, 8.65615, 10.08945], "texture": "#texture1"},
				"east": {"uv": [5.00962, 8.9332, 5.22837, 10.08945], "texture": "#texture1"},
				"south": {"uv": [7.34385, 8.9332, 8.65635, 10.08945], "texture": "#texture1"},
				"west": {"uv": [10.77163, 8.9332, 10.99038, 10.08945], "texture": "#texture1"},
				"up": {"uv": [7.34385, 10.77163, 8.65635, 10.99038], "texture": "#texture1"},
				"down": {"uv": [7.34385, 5.00962, 8.65635, 5.22837], "texture": "#texture1"}
			}
		},
		{
			"name": "Box1",
			"from": [7.3438, 5.9062, 10.5312],
			"to": [8.6563, 5.99995, 10.9687],
			"faces": {
				"north": {"uv": [7.34375, 10, 8.65625, 10.09375], "texture": "#texture1"},
				"east": {"uv": [5.03125, 10, 5.46875, 10.09375], "texture": "#texture1"},
				"south": {"uv": [7.34375, 10, 8.65625, 10.09375], "texture": "#texture1"},
				"west": {"uv": [10.53125, 10, 10.96875, 10.09375], "texture": "#texture1"},
				"up": {"uv": [7.34375, 10.53125, 8.65625, 10.96875], "texture": "#texture1"},
				"down": {"uv": [7.34375, 5.03125, 8.65625, 5.46875], "texture": "#texture1"}
			}
		},
		{
			"name": "Box1",
			"from": [7.3438, 6, 10.5312],
			"to": [8.6563, 6.5, 10.74995],
			"faces": {
				"north": {"uv": [7.34375, 9.5, 8.65625, 10], "texture": "#texture1"},
				"east": {"uv": [5.25, 9.5, 5.46875, 10], "texture": "#texture1"},
				"south": {"uv": [7.34375, 9.5, 8.65625, 10], "texture": "#texture1"},
				"west": {"uv": [10.53125, 9.5, 10.75, 10], "texture": "#texture1"},
				"up": {"uv": [7.34375, 10.53125, 8.65625, 10.75], "texture": "#texture1"},
				"down": {"uv": [7.34375, 5.25, 8.65625, 5.46875], "texture": "#texture1"}
			}
		},
		{
			"name": "Box1",
			"from": [7.344, 5.9062, 4.8437],
			"to": [8.6565, 6.5937, 6.1562],
			"rotation": {"angle": 22.5, "axis": "x", "origin": [7.34395, 5.9062, 6.1562]},
			"faces": {
				"north": {"uv": [7.34355, 8.90403, 8.65605, 9.59153], "texture": "#texture1"},
				"east": {"uv": [9.74389, 8.90403, 11.05639, 9.59153], "texture": "#texture1"},
				"south": {"uv": [7.34395, 8.90403, 8.65645, 9.59153], "texture": "#texture1"},
				"west": {"uv": [4.94361, 8.90403, 6.25611, 9.59153], "texture": "#texture1"},
				"up": {"uv": [7.34395, 4.94361, 8.65645, 6.25611], "texture": "#texture1"},
				"down": {"uv": [7.34395, 9.74389, 8.65645, 11.05639], "texture": "#texture1"}
			}
		},
		{
			"name": "Box1",
			"from": [7.3438, 6.7188, 4.645],
			"to": [8.6563, 7.37505, 5.55125],
			"faces": {
				"north": {"uv": [7.34375, 8.625, 8.65625, 9.28125], "texture": "#texture1"},
				"east": {"uv": [10.44875, 8.625, 11.355, 9.28125], "texture": "#texture1"},
				"south": {"uv": [7.34375, 8.625, 8.65625, 9.28125], "texture": "#texture1"},
				"west": {"uv": [4.645, 8.625, 5.55125, 9.28125], "texture": "#texture1"},
				"up": {"uv": [7.34375, 4.645, 8.65625, 5.55125], "texture": "#texture1"},
				"down": {"uv": [7.34375, 10.44875, 8.65625, 11.355], "texture": "#texture1"}
			}
		},
		{
			"name": "Box1",
			"from": [7.3438, 6.4062, 4.9475],
			"to": [8.6563, 6.8437, 5.41625],
			"rotation": {"angle": -45, "axis": "x", "origin": [7.34385, 6.40625, 4.9475]},
			"faces": {
				"north": {"uv": [7.34365, 9.15625, 8.65615, 9.59375], "texture": "#texture1"},
				"east": {"uv": [10.58375, 9.15625, 11.0525, 9.59375], "texture": "#texture1"},
				"south": {"uv": [7.34385, 9.15625, 8.65635, 9.59375], "texture": "#texture1"},
				"west": {"uv": [4.9475, 9.15625, 5.41625, 9.59375], "texture": "#texture1"},
				"up": {"uv": [7.34385, 4.9475, 8.65635, 5.41625], "texture": "#texture1"},
				"down": {"uv": [7.34385, 10.58375, 8.65635, 11.0525], "texture": "#texture1"}
			}
		},
		{
			"name": "Box1",
			"from": [7.3438, 6.5625, 5.5312],
			"to": [8.6563, 6.90625, 6.1562],
			"faces": {
				"north": {"uv": [7.34375, 9.09375, 8.65625, 9.4375], "texture": "#texture1"},
				"east": {"uv": [9.84375, 9.09375, 10.46875, 9.4375], "texture": "#texture1"},
				"south": {"uv": [7.34375, 9.09375, 8.65625, 9.4375], "texture": "#texture1"},
				"west": {"uv": [5.53125, 9.09375, 6.15625, 9.4375], "texture": "#texture1"},
				"up": {"uv": [7.34375, 5.53125, 8.65625, 6.15625], "texture": "#texture1"},
				"down": {"uv": [7.34375, 9.84375, 8.65625, 10.46875], "texture": "#texture1"}
			}
		},
		{
			"name": "Box1",
			"from": [7.3438, 5.9062, 6.1562],
			"to": [8.6563, 6.9062, 10.1562],
			"faces": {
				"north": {"uv": [7.34375, 9.09375, 8.65625, 10.09375], "texture": "#texture1"},
				"east": {"uv": [5.84375, 9.09375, 9.84375, 10.09375], "texture": "#texture1"},
				"south": {"uv": [7.34375, 9.09375, 8.65625, 10.09375], "texture": "#texture1"},
				"west": {"uv": [6.15625, 9.09375, 10.15625, 10.09375], "texture": "#texture1"},
				"up": {"uv": [7.34375, 6.15625, 8.65625, 10.15625], "texture": "#texture1"},
				"down": {"uv": [7.34375, 5.84375, 8.65625, 9.84375], "texture": "#texture1"}
			}
		},
		{
			"name": "Box1",
			"from": [7.3438, 7.3125, 5.5312],
			"to": [8.6563, 7.375, 10.5312],
			"faces": {
				"north": {"uv": [7.34375, 8.625, 8.65625, 8.6875], "texture": "#texture1"},
				"east": {"uv": [5.46875, 8.625, 10.46875, 8.6875], "texture": "#texture1"},
				"south": {"uv": [7.34375, 8.625, 8.65625, 8.6875], "texture": "#texture1"},
				"west": {"uv": [5.53125, 8.625, 10.53125, 8.6875], "texture": "#texture1"},
				"up": {"uv": [7.34375, 5.53125, 8.65625, 10.53125], "texture": "#texture1"},
				"down": {"uv": [7.34375, 5.46875, 8.65625, 10.46875], "texture": "#texture1"}
			}
		},
		{
			"name": "Box1",
			"from": [7.4375, 6.9062, 5.5312],
			"to": [8.5625, 7.31245, 10.1562],
			"faces": {
				"north": {"uv": [7.4375, 8.6875, 8.5625, 9.09375], "texture": "#texture1"},
				"east": {"uv": [5.84375, 8.6875, 10.46875, 9.09375], "texture": "#texture1"},
				"south": {"uv": [7.4375, 8.6875, 8.5625, 9.09375], "texture": "#texture1"},
				"west": {"uv": [5.53125, 8.6875, 10.15625, 9.09375], "texture": "#texture1"},
				"up": {"uv": [7.4375, 5.53125, 8.5625, 10.15625], "texture": "#texture1"},
				"down": {"uv": [7.4375, 5.84375, 8.5625, 10.46875], "texture": "#texture1"}
			}
		},
		{
			"name": "Box1",
			"from": [7.3437, 7.0938, 5.5312],
			"to": [7.4062, 7.31255, 10.1562],
			"rotation": {"angle": 45, "axis": "z", "origin": [7.34375, 7.3125, 5.53125]},
			"faces": {
				"north": {"uv": [8.43907, 8.62343, 8.50157, 8.84218], "texture": "#texture1"},
				"east": {"uv": [5.84375, 8.62343, 10.46875, 8.84218], "texture": "#texture1"},
				"south": {"uv": [7.49843, 8.62343, 7.56093, 8.84218], "texture": "#texture1"},
				"west": {"uv": [5.53125, 8.62343, 10.15625, 8.84218], "texture": "#texture1"},
				"up": {"uv": [7.49843, 5.53125, 7.56093, 10.15625], "texture": "#texture1"},
				"down": {"uv": [7.49843, 5.84375, 7.56093, 10.46875], "texture": "#texture1"}
			}
		},
		{
			"name": "Box1",
			"from": [7.3437, 6.9062, 5.5312],
			"to": [7.4062, 7.12495, 10.1562],
			"rotation": {"angle": -45, "axis": "z", "origin": [7.34375, 6.90625, 5.53125]},
			"faces": {
				"north": {"uv": [8.59375, 8.875, 8.65625, 9.09375], "texture": "#texture1"},
				"east": {"uv": [5.84375, 8.875, 10.46875, 9.09375], "texture": "#texture1"},
				"south": {"uv": [7.34375, 8.875, 7.40625, 9.09375], "texture": "#texture1"},
				"west": {"uv": [5.53125, 8.875, 10.15625, 9.09375], "texture": "#texture1"},
				"up": {"uv": [7.34375, 5.53125, 7.40625, 10.15625], "texture": "#texture1"},
				"down": {"uv": [7.34375, 5.84375, 7.40625, 10.46875], "texture": "#texture1"}
			}
		},
		{
			"name": "Box1",
			"from": [8.4375, 6.8438, 5.5313],
			"to": [8.65625, 6.9063, 10.1563],
			"rotation": {"angle": -45, "axis": "z", "origin": [8.65625, 6.90625, 5.53125]},
			"faces": {
				"north": {"uv": [7.32387, 8.92076, 7.54262, 8.98326], "texture": "#texture1"},
				"east": {"uv": [5.84375, 8.92076, 10.46875, 8.98326], "texture": "#texture1"},
				"south": {"uv": [8.45738, 8.92076, 8.67613, 8.98326], "texture": "#texture1"},
				"west": {"uv": [5.53125, 8.92076, 10.15625, 8.98326], "texture": "#texture1"},
				"up": {"uv": [8.45738, 5.53125, 8.67613, 10.15625], "texture": "#texture1"},
				"down": {"uv": [8.45738, 5.84375, 8.67613, 10.46875], "texture": "#texture1"}
			}
		},
		{
			"name": "Box1",
			"from": [8.5938, 7.0938, 5.5625],
			"to": [8.6563, 7.31255, 10.1875],
			"rotation": {"angle": -45, "axis": "z", "origin": [8.65625, 7.3125, 5.5625]},
			"faces": {
				"north": {"uv": [7.48012, 8.57923, 7.54262, 8.79798], "texture": "#texture1"},
				"east": {"uv": [5.8125, 8.57923, 10.4375, 8.79798], "texture": "#texture1"},
				"south": {"uv": [8.45738, 8.57923, 8.51988, 8.79798], "texture": "#texture1"},
				"west": {"uv": [5.5625, 8.57923, 10.1875, 8.79798], "texture": "#texture1"},
				"up": {"uv": [8.45738, 5.5625, 8.51988, 10.1875], "texture": "#texture1"},
				"down": {"uv": [8.45738, 5.8125, 8.51988, 10.4375], "texture": "#texture1"}
			}
		},
		{
			"name": "Box1",
			"from": [7.3438, 6.9062, 10.1562],
			"to": [7.56255, 7.31245, 10.24995],
			"rotation": {"angle": 45, "axis": "y", "origin": [7.34375, 6.90625, 10.15625]},
			"faces": {
				"north": {"uv": [8.4375, 8.6875, 8.65625, 9.09375], "texture": "#texture1"},
				"east": {"uv": [5.75, 8.6875, 5.84375, 9.09375], "texture": "#texture1"},
				"south": {"uv": [7.34375, 8.6875, 7.5625, 9.09375], "texture": "#texture1"},
				"west": {"uv": [10.15625, 8.6875, 10.25, 9.09375], "texture": "#texture1"},
				"up": {"uv": [7.34375, 10.15625, 7.5625, 10.25], "texture": "#texture1"},
				"down": {"uv": [7.34375, 5.75, 7.5625, 5.84375], "texture": "#texture1"}
			}
		},
		{
			"name": "Box1",
			"from": [7.3438, 6.9062, 5.5512],
			"to": [7.43755, 7.31245, 5.76995],
			"rotation": {"angle": 45, "axis": "y", "origin": [7.34375, 6.90625, 5.55125]},
			"faces": {
				"north": {"uv": [8.5625, 8.6875, 8.65625, 9.09375], "texture": "#texture1"},
				"east": {"uv": [10.23, 8.6875, 10.44875, 9.09375], "texture": "#texture1"},
				"south": {"uv": [7.34375, 8.6875, 7.4375, 9.09375], "texture": "#texture1"},
				"west": {"uv": [5.55125, 8.6875, 5.77, 9.09375], "texture": "#texture1"},
				"up": {"uv": [7.34375, 5.55125, 7.4375, 5.77], "texture": "#texture1"},
				"down": {"uv": [7.34375, 10.23, 7.4375, 10.44875], "texture": "#texture1"}
			}
		},
		{
			"name": "Box1",
			"from": [8.4375, 6.9062, 5.4575],
			"to": [8.65625, 7.31245, 5.55125],
			"rotation": {"angle": 45, "axis": "y", "origin": [8.65625, 6.90625, 5.55125]},
			"faces": {
				"north": {"uv": [7.34597, 8.6875, 7.56472, 9.09375], "texture": "#texture1"},
				"east": {"uv": [10.26661, 8.6875, 10.36036, 9.09375], "texture": "#texture1"},
				"south": {"uv": [8.43528, 8.6875, 8.65403, 9.09375], "texture": "#texture1"},
				"west": {"uv": [5.63964, 8.6875, 5.73339, 9.09375], "texture": "#texture1"},
				"up": {"uv": [8.43528, 5.63964, 8.65403, 5.73339], "texture": "#texture1"},
				"down": {"uv": [8.43528, 10.26661, 8.65403, 10.36036], "texture": "#texture1"}
			}
		},
		{
			"name": "Box1",
			"from": [8.5625, 6.9062, 9.9375],
			"to": [8.65625, 7.31245, 10.15625],
			"rotation": {"angle": 45, "axis": "y", "origin": [8.65625, 6.90625, 10.15625]},
			"faces": {
				"north": {"uv": [7.47097, 8.6875, 7.56472, 9.09375], "texture": "#texture1"},
				"east": {"uv": [5.71339, 8.6875, 5.93214, 9.09375], "texture": "#texture1"},
				"south": {"uv": [8.43528, 8.6875, 8.52903, 9.09375], "texture": "#texture1"},
				"west": {"uv": [10.06786, 8.6875, 10.28661, 9.09375], "texture": "#texture1"},
				"up": {"uv": [8.43528, 10.06786, 8.52903, 10.28661], "texture": "#texture1"},
				"down": {"uv": [8.43528, 5.71339, 8.52903, 5.93214], "texture": "#texture1"}
			}
		},
		{
			"name": "Box1",
			"from": [7.5625, 7.8438, -8],
			"to": [7.71875, 8.1563, 10.53125],
			"rotation": {"angle": -45, "axis": "z", "origin": [7.5625, 7.84375, -8]},
			"faces": {
				"north": {"uv": [8.28125, 7.84375, 8.4375, 8.15625], "texture": "#texture1", "cullface": "north"},
				"east": {"uv": [5.46875, 7.84375, 16, 8.15625], "texture": "#texture1", "cullface": "north"},
				"south": {"uv": [7.5625, 7.84375, 7.71875, 8.15625], "texture": "#texture1", "cullface": "north"},
				"west": {"uv": [0, 7.84375, 10.53125, 8.15625], "texture": "#texture1", "cullface": "north"},
				"up": {"uv": [7.5625, 0, 7.71875, 10.53125], "texture": "#texture1", "cullface": "north"},
				"down": {"uv": [7.5625, 5.46875, 7.71875, 16], "texture": "#texture1", "cullface": "north"}
			}
		},
		{
			"name": "Box1",
			"from": [7.7812, 7.875, -8],
			"to": [8.2187, 8.0625, 10.53125],
			"faces": {
				"north": {"uv": [7.78125, 7.9375, 8.21875, 8.125], "texture": "#texture1", "cullface": "north"},
				"east": {"uv": [5.46875, 7.9375, 16, 8.125], "texture": "#texture1", "cullface": "north"},
				"south": {"uv": [7.78125, 7.9375, 8.21875, 8.125], "texture": "#texture1", "cullface": "north"},
				"west": {"uv": [0, 7.9375, 10.53125, 8.125], "texture": "#texture1", "cullface": "north"},
				"up": {"uv": [7.78125, 0, 8.21875, 10.53125], "texture": "#texture1", "cullface": "north"},
				"down": {"uv": [7.78125, 5.46875, 8.21875, 16], "texture": "#texture1", "cullface": "north"}
			}
		},
		{
			"name": "Box1",
			"from": [7.5625, 7.4062, -8],
			"to": [7.75, 7.8437, 10.53125],
			"faces": {
				"north": {"uv": [8.25, 8.15625, 8.4375, 8.59375], "texture": "#texture1", "cullface": "north"},
				"east": {"uv": [5.46875, 8.15625, 16, 8.59375], "texture": "#texture1", "cullface": "north"},
				"south": {"uv": [7.5625, 8.15625, 7.75, 8.59375], "texture": "#texture1", "cullface": "north"},
				"west": {"uv": [0, 8.15625, 10.53125, 8.59375], "texture": "#texture1", "cullface": "north"},
				"up": {"uv": [7.5625, 0, 7.75, 10.53125], "texture": "#texture1", "cullface": "north"},
				"down": {"uv": [7.5625, 5.46875, 7.75, 16], "texture": "#texture1", "cullface": "north"}
			}
		},
		{
			"name": "Box1",
			"from": [7.5625, 7.4062, -8],
			"to": [7.875, 7.56245, 10.53125],
			"rotation": {"angle": -45, "axis": "z", "origin": [7.5625, 7.40625, -8]},
			"faces": {
				"north": {"uv": [8.125, 8.4375, 8.4375, 8.59375], "texture": "#texture1", "cullface": "north"},
				"east": {"uv": [5.46875, 8.4375, 16, 8.59375], "texture": "#texture1", "cullface": "north"},
				"south": {"uv": [7.5625, 8.4375, 7.875, 8.59375], "texture": "#texture1", "cullface": "north"},
				"west": {"uv": [0, 8.4375, 10.53125, 8.59375], "texture": "#texture1", "cullface": "north"},
				"up": {"uv": [7.5625, 0, 7.875, 10.53125], "texture": "#texture1", "cullface": "north"},
				"down": {"uv": [7.5625, 5.46875, 7.875, 16], "texture": "#texture1", "cullface": "north"}
			}
		},
		{
			"name": "Box1",
			"from": [7.7812, 7.1875, -8],
			"to": [8.2187, 7.375, 10.59375],
			"faces": {
				"north": {"uv": [7.78125, 8.625, 8.21875, 8.8125], "texture": "#texture1", "cullface": "north"},
				"east": {"uv": [5.40625, 8.625, 16, 8.8125], "texture": "#texture1", "cullface": "north"},
				"south": {"uv": [7.78125, 8.625, 8.21875, 8.8125], "texture": "#texture1", "cullface": "north"},
				"west": {"uv": [0, 8.625, 10.59375, 8.8125], "texture": "#texture1", "cullface": "north"},
				"up": {"uv": [7.78125, 0, 8.21875, 10.59375], "texture": "#texture1", "cullface": "north"},
				"down": {"uv": [7.78125, 5.40625, 8.21875, 16], "texture": "#texture1", "cullface": "north"}
			}
		},
		{
			"name": "Box1",
			"from": [8.2187, 7.9062, -8],
			"to": [8.5312, 8.06245, 10.53125],
			"rotation": {"angle": -45, "axis": "z", "origin": [8.21875, 8.0625, -8]},
			"faces": {
				"north": {"uv": [7.57924, 7.89173, 7.89174, 8.04798], "texture": "#texture1", "cullface": "north"},
				"east": {"uv": [5.46875, 7.89173, 16, 8.04798], "texture": "#texture1", "cullface": "north"},
				"south": {"uv": [8.10826, 7.89173, 8.42076, 8.04798], "texture": "#texture1", "cullface": "north"},
				"west": {"uv": [0, 7.89173, 10.53125, 8.04798], "texture": "#texture1", "cullface": "north"},
				"up": {"uv": [8.10826, 0, 8.42076, 10.53125], "texture": "#texture1", "cullface": "north"},
				"down": {"uv": [8.10826, 5.46875, 8.42076, 16], "texture": "#texture1", "cullface": "north"}
			}
		},
		{
			"name": "Box1",
			"from": [8.2188, 7.1875, -8],
			"to": [8.5313, 7.34375, 10.53125],
			"rotation": {"angle": 45, "axis": "z", "origin": [8.21875, 7.1875, -8]},
			"faces": {
				"north": {"uv": [7.46875, 8.65625, 7.78125, 8.8125], "texture": "#texture1", "cullface": "north"},
				"east": {"uv": [5.46875, 8.65625, 16, 8.8125], "texture": "#texture1", "cullface": "north"},
				"south": {"uv": [8.21875, 8.65625, 8.53125, 8.8125], "texture": "#texture1", "cullface": "north"},
				"west": {"uv": [0, 8.65625, 10.53125, 8.8125], "texture": "#texture1", "cullface": "north"},
				"up": {"uv": [8.21875, 0, 8.53125, 10.53125], "texture": "#texture1", "cullface": "north"},
				"down": {"uv": [8.21875, 5.46875, 8.53125, 16], "texture": "#texture1", "cullface": "north"}
			}
		},
		{
			"name": "Box1",
			"from": [8.25, 7.4062, -8],
			"to": [8.4375, 7.8437, 10.53125],
			"faces": {
				"north": {"uv": [7.5625, 8.15625, 7.75, 8.59375], "texture": "#texture1", "cullface": "north"},
				"east": {"uv": [5.46875, 8.15625, 16, 8.59375], "texture": "#texture1", "cullface": "north"},
				"south": {"uv": [8.25, 8.15625, 8.4375, 8.59375], "texture": "#texture1", "cullface": "north"},
				"west": {"uv": [0, 8.15625, 10.53125, 8.59375], "texture": "#texture1", "cullface": "north"},
				"up": {"uv": [8.25, 0, 8.4375, 10.53125], "texture": "#texture1", "cullface": "north"},
				"down": {"uv": [8.25, 5.46875, 8.4375, 16], "texture": "#texture1", "cullface": "north"}
			}
		},
		{
			"name": "Box1",
			"from": [7.7812, 7, -8],
			"to": [8.2187, 7.1875, 10.53125],
			"faces": {
				"north": {"uv": [7.78125, 8.8125, 8.21875, 9], "texture": "#texture1", "cullface": "north"},
				"east": {"uv": [5.46875, 8.8125, 16, 9], "texture": "#texture1", "cullface": "north"},
				"south": {"uv": [7.78125, 8.8125, 8.21875, 9], "texture": "#texture1", "cullface": "north"},
				"west": {"uv": [0, 8.8125, 10.53125, 9], "texture": "#texture1", "cullface": "north"},
				"up": {"uv": [7.78125, 0, 8.21875, 10.53125], "texture": "#texture1", "cullface": "north"},
				"down": {"uv": [7.78125, 5.46875, 8.21875, 16], "texture": "#texture1", "cullface": "north"}
			}
		},
		{
			"name": "Box1",
			"from": [7.5625, 6.9688, -8],
			"to": [7.71875, 7.2813, 10.53125],
			"rotation": {"angle": -45, "axis": "z", "origin": [7.5625, 6.96875, -8]},
			"faces": {
				"north": {"uv": [8.28125, 8.71875, 8.4375, 9.03125], "texture": "#texture1", "cullface": "north"},
				"east": {"uv": [5.46875, 8.71875, 16, 9.03125], "texture": "#texture1", "cullface": "north"},
				"south": {"uv": [7.5625, 8.71875, 7.71875, 9.03125], "texture": "#texture1", "cullface": "north"},
				"west": {"uv": [0, 8.71875, 10.53125, 9.03125], "texture": "#texture1", "cullface": "north"},
				"up": {"uv": [7.5625, 0, 7.71875, 10.53125], "texture": "#texture1", "cullface": "north"},
				"down": {"uv": [7.5625, 5.46875, 7.71875, 16], "texture": "#texture1", "cullface": "north"}
			}
		},
		{
			"name": "Box1",
			"from": [7.5625, 6.5312, -8],
			"to": [7.75, 6.9687, 10.53125],
			"faces": {
				"north": {"uv": [8.25, 9.03125, 8.4375, 9.46875], "texture": "#texture1", "cullface": "north"},
				"east": {"uv": [5.46875, 9.03125, 16, 9.46875], "texture": "#texture1", "cullface": "north"},
				"south": {"uv": [7.5625, 9.03125, 7.75, 9.46875], "texture": "#texture1", "cullface": "north"},
				"west": {"uv": [0, 9.03125, 10.53125, 9.46875], "texture": "#texture1", "cullface": "north"},
				"up": {"uv": [7.5625, 0, 7.75, 10.53125], "texture": "#texture1", "cullface": "north"},
				"down": {"uv": [7.5625, 5.46875, 7.75, 16], "texture": "#texture1", "cullface": "north"}
			}
		},
		{
			"name": "Box1",
			"from": [7.7812, 6.3125, -8],
			"to": [8.2187, 6.5, 10.53125],
			"faces": {
				"north": {"uv": [7.78125, 9.5, 8.21875, 9.6875], "texture": "#texture1", "cullface": "north"},
				"east": {"uv": [5.46875, 9.5, 16, 9.6875], "texture": "#texture1", "cullface": "north"},
				"south": {"uv": [7.78125, 9.5, 8.21875, 9.6875], "texture": "#texture1", "cullface": "north"},
				"west": {"uv": [0, 9.5, 10.53125, 9.6875], "texture": "#texture1", "cullface": "north"},
				"up": {"uv": [7.78125, 0, 8.21875, 10.53125], "texture": "#texture1", "cullface": "north"},
				"down": {"uv": [7.78125, 5.46875, 8.21875, 16], "texture": "#texture1", "cullface": "north"}
			}
		},
		{
			"name": "Box1",
			"from": [7.5625, 6.5312, -8],
			"to": [7.875, 6.68745, 10.53125],
			"rotation": {"angle": -45, "axis": "z", "origin": [7.5625, 6.53125, -8]},
			"faces": {
				"north": {"uv": [8.125, 9.3125, 8.4375, 9.46875], "texture": "#texture1", "cullface": "north"},
				"east": {"uv": [5.46875, 9.3125, 16, 9.46875], "texture": "#texture1", "cullface": "north"},
				"south": {"uv": [7.5625, 9.3125, 7.875, 9.46875], "texture": "#texture1", "cullface": "north"},
				"west": {"uv": [0, 9.3125, 10.53125, 9.46875], "texture": "#texture1", "cullface": "north"},
				"up": {"uv": [7.5625, 0, 7.875, 10.53125], "texture": "#texture1", "cullface": "north"},
				"down": {"uv": [7.5625, 5.46875, 7.875, 16], "texture": "#texture1", "cullface": "north"}
			}
		},
		{
			"name": "Box1",
			"from": [8.25, 6.5312, -8],
			"to": [8.4375, 6.9687, 10.53125],
			"faces": {
				"north": {"uv": [7.5625, 9.03125, 7.75, 9.46875], "texture": "#texture1", "cullface": "north"},
				"east": {"uv": [5.46875, 9.03125, 16, 9.46875], "texture": "#texture1", "cullface": "north"},
				"south": {"uv": [8.25, 9.03125, 8.4375, 9.46875], "texture": "#texture1", "cullface": "north"},
				"west": {"uv": [0, 9.03125, 10.53125, 9.46875], "texture": "#texture1", "cullface": "north"},
				"up": {"uv": [8.25, 0, 8.4375, 10.53125], "texture": "#texture1", "cullface": "north"},
				"down": {"uv": [8.25, 5.46875, 8.4375, 16], "texture": "#texture1", "cullface": "north"}
			}
		},
		{
			"name": "Box1",
			"from": [8.2187, 7.0312, -8],
			"to": [8.5312, 7.18745, 10.53125],
			"rotation": {"angle": -45, "axis": "z", "origin": [8.21875, 7.1875, -8]},
			"faces": {
				"north": {"uv": [7.57924, 8.76673, 7.89174, 8.92298], "texture": "#texture1", "cullface": "north"},
				"east": {"uv": [5.46875, 8.76673, 16, 8.92298], "texture": "#texture1", "cullface": "north"},
				"south": {"uv": [8.10826, 8.76673, 8.42076, 8.92298], "texture": "#texture1", "cullface": "north"},
				"west": {"uv": [0, 8.76673, 10.53125, 8.92298], "texture": "#texture1", "cullface": "north"},
				"up": {"uv": [8.10826, 0, 8.42076, 10.53125], "texture": "#texture1", "cullface": "north"},
				"down": {"uv": [8.10826, 5.46875, 8.42076, 16], "texture": "#texture1", "cullface": "north"}
			}
		},
		{
			"name": "Box1",
			"from": [8.2188, 6.3125, -8],
			"to": [8.5313, 6.46875, 10.53125],
			"rotation": {"angle": 45, "axis": "z", "origin": [8.21875, 6.3125, -8]},
			"faces": {
				"north": {"uv": [7.46875, 9.53125, 7.78125, 9.6875], "texture": "#texture1", "cullface": "north"},
				"east": {"uv": [5.46875, 9.53125, 16, 9.6875], "texture": "#texture1", "cullface": "north"},
				"south": {"uv": [8.21875, 9.53125, 8.53125, 9.6875], "texture": "#texture1", "cullface": "north"},
				"west": {"uv": [0, 9.53125, 10.53125, 9.6875], "texture": "#texture1", "cullface": "north"},
				"up": {"uv": [8.21875, 0, 8.53125, 10.53125], "texture": "#texture1", "cullface": "north"},
				"down": {"uv": [8.21875, 5.46875, 8.53125, 16], "texture": "#texture1", "cullface": "north"}
			}
		},
		{
			"name": "Box1",
			"from": [7.9062, 8.1562, -8],
			"to": [8.0937, 8.18745, 12.34375],
			"faces": {
				"north": {"uv": [7.90625, 7.8125, 8.09375, 7.84375], "texture": "#texture1", "cullface": "north"},
				"east": {"uv": [3.65625, 7.8125, 16, 7.84375], "texture": "#texture1", "cullface": "north"},
				"south": {"uv": [7.90625, 7.8125, 8.09375, 7.84375], "texture": "#texture1", "cullface": "north"},
				"west": {"uv": [0, 7.8125, 12.34375, 7.84375], "texture": "#texture1", "cullface": "north"},
				"up": {"uv": [7.90625, 0, 8.09375, 12.34375], "texture": "#texture1", "cullface": "north"},
				"down": {"uv": [7.90625, 3.65625, 8.09375, 16], "texture": "#texture1", "cullface": "north"}
			}
		},
		{
			"name": "Box1",
			"from": [7.9062, 8.0938, 12.3438],
			"to": [8.0937, 8.18755, 12.5313],
			"rotation": {"angle": 45, "axis": "x", "origin": [7.90625, 8.1875, 12.34375]},
			"faces": {
				"north": {"uv": [7.90625, 7.78504, 8.09375, 7.87879], "texture": "#texture1"},
				"east": {"uv": [3.53504, 7.78504, 3.72254, 7.87879], "texture": "#texture1"},
				"south": {"uv": [7.90625, 7.78504, 8.09375, 7.87879], "texture": "#texture1"},
				"west": {"uv": [12.27746, 7.78504, 12.46496, 7.87879], "texture": "#texture1"},
				"up": {"uv": [7.90625, 12.27746, 8.09375, 12.46496], "texture": "#texture1"},
				"down": {"uv": [7.90625, 3.53504, 8.09375, 3.72254], "texture": "#texture1"}
			}
		},
		{
			"name": "Box1",
			"from": [7.9062, 8.0625, -8],
			"to": [8.0937, 8.15625, -6.125],
			"faces": {
				"north": {"uv": [7.90625, 7.84375, 8.09375, 7.9375], "texture": "#texture1", "cullface": "north"},
				"east": {"uv": [6.12504, 7.84375, 8.00004, 7.9375], "texture": "#texture1", "cullface": "north"},
				"south": {"uv": [7.90625, 7.84375, 8.09375, 7.9375], "texture": "#texture1", "cullface": "north"},
				"west": {"uv": [7.99996, 7.84375, 9.87496, 7.9375], "texture": "#texture1", "cullface": "north"},
				"up": {"uv": [7.90625, 7.99996, 8.09375, 9.87496], "texture": "#texture1", "cullface": "north"},
				"down": {"uv": [7.90625, 6.12504, 8.09375, 8.00004], "texture": "#texture1", "cullface": "north"}
			}
		},
		{
			"name": "Box1",
			"from": [7.9062, 8.0625, -4.9375],
			"to": [8.0937, 8.15625, -4.8125],
			"faces": {
				"north": {"uv": [7.90625, 7.84375, 8.09375, 7.9375], "texture": "#texture1", "cullface": "north"},
				"east": {"uv": [4.8125, 7.84375, 4.9375, 7.9375], "texture": "#texture1", "cullface": "north"},
				"south": {"uv": [7.90625, 7.84375, 8.09375, 7.9375], "texture": "#texture1", "cullface": "north"},
				"west": {"uv": [11.0625, 7.84375, 11.1875, 7.9375], "texture": "#texture1", "cullface": "north"},
				"up": {"uv": [7.90625, 11.0625, 8.09375, 11.1875], "texture": "#texture1", "cullface": "north"},
				"down": {"uv": [7.90625, 4.8125, 8.09375, 4.9375], "texture": "#texture1", "cullface": "north"}
			}
		},
		{
			"name": "Box1",
			"from": [7.9062, 8.0625, -3.625],
			"to": [8.0937, 8.15625, -3.5],
			"faces": {
				"north": {"uv": [7.90625, 7.84375, 8.09375, 7.9375], "texture": "#texture1", "cullface": "north"},
				"east": {"uv": [3.5, 7.84375, 3.625, 7.9375], "texture": "#texture1", "cullface": "north"},
				"south": {"uv": [7.90625, 7.84375, 8.09375, 7.9375], "texture": "#texture1", "cullface": "north"},
				"west": {"uv": [12.375, 7.84375, 12.5, 7.9375], "texture": "#texture1", "cullface": "north"},
				"up": {"uv": [7.90625, 12.375, 8.09375, 12.5], "texture": "#texture1", "cullface": "north"},
				"down": {"uv": [7.90625, 3.5, 8.09375, 3.625], "texture": "#texture1", "cullface": "north"}
			}
		},
		{
			"name": "Box1",
			"from": [7.9062, 8.0625, -2.3125],
			"to": [8.0937, 8.15625, -2.1875],
			"faces": {
				"north": {"uv": [7.90625, 7.84375, 8.09375, 7.9375], "texture": "#texture1", "cullface": "north"},
				"east": {"uv": [2.1875, 7.84375, 2.3125, 7.9375], "texture": "#texture1", "cullface": "north"},
				"south": {"uv": [7.90625, 7.84375, 8.09375, 7.9375], "texture": "#texture1", "cullface": "north"},
				"west": {"uv": [13.6875, 7.84375, 13.8125, 7.9375], "texture": "#texture1", "cullface": "north"},
				"up": {"uv": [7.90625, 13.6875, 8.09375, 13.8125], "texture": "#texture1", "cullface": "north"},
				"down": {"uv": [7.90625, 2.1875, 8.09375, 2.3125], "texture": "#texture1", "cullface": "north"}
			}
		},
		{
			"name": "Box1",
			"from": [7.9062, 8.0625, -1],
			"to": [8.0937, 8.15625, -0.875],
			"faces": {
				"north": {"uv": [7.90625, 7.84375, 8.09375, 7.9375], "texture": "#texture1", "cullface": "north"},
				"east": {"uv": [0.875, 7.84375, 1, 7.9375], "texture": "#texture1", "cullface": "north"},
				"south": {"uv": [7.90625, 7.84375, 8.09375, 7.9375], "texture": "#texture1", "cullface": "north"},
				"west": {"uv": [15, 7.84375, 15.125, 7.9375], "texture": "#texture1", "cullface": "north"},
				"up": {"uv": [7.90625, 15, 8.09375, 15.125], "texture": "#texture1", "cullface": "north"},
				"down": {"uv": [7.90625, 0.875, 8.09375, 1], "texture": "#texture1", "cullface": "north"}
			}
		},
		{
			"name": "Box1",
			"from": [7.9062, 8.0625, 0.3125],
			"to": [8.0937, 8.15625, 0.4375],
			"faces": {
				"north": {"uv": [7.90625, 7.84375, 8.09375, 7.9375], "texture": "#texture1"},
				"east": {"uv": [15.5625, 7.84375, 15.6875, 7.9375], "texture": "#texture1"},
				"south": {"uv": [7.90625, 7.84375, 8.09375, 7.9375], "texture": "#texture1"},
				"west": {"uv": [0.3125, 7.84375, 0.4375, 7.9375], "texture": "#texture1"},
				"up": {"uv": [7.90625, 0.3125, 8.09375, 0.4375], "texture": "#texture1"},
				"down": {"uv": [7.90625, 15.5625, 8.09375, 15.6875], "texture": "#texture1"}
			}
		},
		{
			"name": "Box1",
			"from": [7.9062, 8.0625, 1.625],
			"to": [8.0937, 8.15625, 1.75],
			"faces": {
				"north": {"uv": [7.90625, 7.84375, 8.09375, 7.9375], "texture": "#texture1"},
				"east": {"uv": [14.25, 7.84375, 14.375, 7.9375], "texture": "#texture1"},
				"south": {"uv": [7.90625, 7.84375, 8.09375, 7.9375], "texture": "#texture1"},
				"west": {"uv": [1.625, 7.84375, 1.75, 7.9375], "texture": "#texture1"},
				"up": {"uv": [7.90625, 1.625, 8.09375, 1.75], "texture": "#texture1"},
				"down": {"uv": [7.90625, 14.25, 8.09375, 14.375], "texture": "#texture1"}
			}
		},
		{
			"name": "Box1",
			"from": [7.9062, 8.0625, 2.9375],
			"to": [8.0937, 8.15625, 3.0625],
			"faces": {
				"north": {"uv": [7.90625, 7.84375, 8.09375, 7.9375], "texture": "#texture1"},
				"east": {"uv": [12.9375, 7.84375, 13.0625, 7.9375], "texture": "#texture1"},
				"south": {"uv": [7.90625, 7.84375, 8.09375, 7.9375], "texture": "#texture1"},
				"west": {"uv": [2.9375, 7.84375, 3.0625, 7.9375], "texture": "#texture1"},
				"up": {"uv": [7.90625, 2.9375, 8.09375, 3.0625], "texture": "#texture1"},
				"down": {"uv": [7.90625, 12.9375, 8.09375, 13.0625], "texture": "#texture1"}
			}
		},
		{
			"name": "Box1",
			"from": [7.9062, 8.0625, 4.25],
			"to": [8.0937, 8.15625, 4.375],
			"faces": {
				"north": {"uv": [7.90625, 7.84375, 8.09375, 7.9375], "texture": "#texture1"},
				"east": {"uv": [11.625, 7.84375, 11.75, 7.9375], "texture": "#texture1"},
				"south": {"uv": [7.90625, 7.84375, 8.09375, 7.9375], "texture": "#texture1"},
				"west": {"uv": [4.25, 7.84375, 4.375, 7.9375], "texture": "#texture1"},
				"up": {"uv": [7.90625, 4.25, 8.09375, 4.375], "texture": "#texture1"},
				"down": {"uv": [7.90625, 11.625, 8.09375, 11.75], "texture": "#texture1"}
			}
		},
		{
			"name": "Box1",
			"from": [7.9062, 8.0625, 5.5625],
			"to": [8.0937, 8.15625, 5.6875],
			"faces": {
				"north": {"uv": [7.90625, 7.84375, 8.09375, 7.9375], "texture": "#texture1"},
				"east": {"uv": [10.3125, 7.84375, 10.4375, 7.9375], "texture": "#texture1"},
				"south": {"uv": [7.90625, 7.84375, 8.09375, 7.9375], "texture": "#texture1"},
				"west": {"uv": [5.5625, 7.84375, 5.6875, 7.9375], "texture": "#texture1"},
				"up": {"uv": [7.90625, 5.5625, 8.09375, 5.6875], "texture": "#texture1"},
				"down": {"uv": [7.90625, 10.3125, 8.09375, 10.4375], "texture": "#texture1"}
			}
		},
		{
			"name": "Box1",
			"from": [7.9062, 8.0625, 6.875],
			"to": [8.0937, 8.15625, 7],
			"faces": {
				"north": {"uv": [7.90625, 7.84375, 8.09375, 7.9375], "texture": "#texture1"},
				"east": {"uv": [9, 7.84375, 9.125, 7.9375], "texture": "#texture1"},
				"south": {"uv": [7.90625, 7.84375, 8.09375, 7.9375], "texture": "#texture1"},
				"west": {"uv": [6.875, 7.84375, 7, 7.9375], "texture": "#texture1"},
				"up": {"uv": [7.90625, 6.875, 8.09375, 7], "texture": "#texture1"},
				"down": {"uv": [7.90625, 9, 8.09375, 9.125], "texture": "#texture1"}
			}
		},
		{
			"name": "Box1",
			"from": [7.9062, 8.0625, 7.4686],
			"to": [8.0937, 8.15625, 12.3436],
			"faces": {
				"north": {"uv": [7.90625, 7.84375, 8.09375, 7.9375], "texture": "#texture1"},
				"east": {"uv": [3.65638, 7.84375, 8.53138, 7.9375], "texture": "#texture1"},
				"south": {"uv": [7.90625, 7.84375, 8.09375, 7.9375], "texture": "#texture1"},
				"west": {"uv": [7.46862, 7.84375, 12.34362, 7.9375], "texture": "#texture1"},
				"up": {"uv": [7.90625, 7.46862, 8.09375, 12.34362], "texture": "#texture1"},
				"down": {"uv": [7.90625, 3.65638, 8.09375, 8.53138], "texture": "#texture1"}
			}
		},
		{
			"name": "Box1",
			"from": [7.3438, 7.375, 5.5312],
			"to": [7.5313, 7.71875, 10.5312],
			"rotation": {"angle": -45, "axis": "z", "origin": [7.34375, 7.375, 5.53125]},
			"faces": {
				"north": {"uv": [8.46875, 8.28125, 8.65625, 8.625], "texture": "#texture1"},
				"east": {"uv": [5.46875, 8.28125, 10.46875, 8.625], "texture": "#texture1"},
				"south": {"uv": [7.34375, 8.28125, 7.53125, 8.625], "texture": "#texture1"},
				"west": {"uv": [5.53125, 8.28125, 10.53125, 8.625], "texture": "#texture1"},
				"up": {"uv": [7.34375, 5.53125, 7.53125, 10.53125], "texture": "#texture1"},
				"down": {"uv": [7.34375, 5.46875, 7.53125, 10.46875], "texture": "#texture1"}
			}
		},
		{
			"name": "Box1",
			"from": [8.3125, 7.1875, 5.5313],
			"to": [8.65625, 7.375, 10.5313],
			"rotation": {"angle": -45, "axis": "z", "origin": [8.65625, 7.375, 5.53125]},
			"faces": {
				"north": {"uv": [7.37565, 8.32701, 7.7194, 8.51451], "texture": "#texture1"},
				"east": {"uv": [5.46875, 8.32701, 10.46875, 8.51451], "texture": "#texture1"},
				"south": {"uv": [8.2806, 8.32701, 8.62435, 8.51451], "texture": "#texture1"},
				"west": {"uv": [5.53125, 8.32701, 10.53125, 8.51451], "texture": "#texture1"},
				"up": {"uv": [8.2806, 5.53125, 8.62435, 10.53125], "texture": "#texture1"},
				"down": {"uv": [8.2806, 5.46875, 8.62435, 10.46875], "texture": "#texture1"}
			}
		},
		{
			"name": "Box1",
			"from": [7.3438, 7.375, 4.645],
			"to": [7.5313, 7.71875, 5.55125],
			"rotation": {"angle": -45, "axis": "z", "origin": [7.34375, 7.375, 4.645]},
			"faces": {
				"north": {"uv": [8.46875, 8.28125, 8.65625, 8.625], "texture": "#texture1"},
				"east": {"uv": [10.44875, 8.28125, 11.355, 8.625], "texture": "#texture1"},
				"south": {"uv": [7.34375, 8.28125, 7.53125, 8.625], "texture": "#texture1"},
				"west": {"uv": [4.645, 8.28125, 5.55125, 8.625], "texture": "#texture1"},
				"up": {"uv": [7.34375, 4.645, 7.53125, 5.55125], "texture": "#texture1"},
				"down": {"uv": [7.34375, 10.44875, 7.53125, 11.355], "texture": "#texture1"}
			}
		},
		{
			"name": "Box1",
			"from": [8.3124, 7.1875, 4.645],
			"to": [8.65615, 7.375, 5.55125],
			"rotation": {"angle": -45, "axis": "z", "origin": [8.6562, 7.375, 4.645]},
			"faces": {
				"north": {"uv": [7.3757, 8.32701, 7.71945, 8.51451], "texture": "#texture1"},
				"east": {"uv": [10.44875, 8.32701, 11.355, 8.51451], "texture": "#texture1"},
				"south": {"uv": [8.28055, 8.32701, 8.6243, 8.51451], "texture": "#texture1"},
				"west": {"uv": [4.645, 8.32701, 5.55125, 8.51451], "texture": "#texture1"},
				"up": {"uv": [8.28055, 4.645, 8.6243, 5.55125], "texture": "#texture1"},
				"down": {"uv": [8.28055, 10.44875, 8.6243, 11.355], "texture": "#texture1"}
			}
		},
		{
			"name": "Box1",
			"from": [7.5625, 7.8438, 13.375],
			"to": [7.71875, 8.06255, 13.5625],
			"rotation": {"angle": -45, "axis": "z", "origin": [7.5625, 7.84375, 13.375]},
			"faces": {
				"north": {"uv": [8.28125, 7.9375, 8.4375, 8.15625], "texture": "#texture"},
				"east": {"uv": [2.4375, 7.9375, 2.625, 8.15625], "texture": "#texture"},
				"south": {"uv": [7.5625, 7.9375, 7.71875, 8.15625], "texture": "#texture"},
				"west": {"uv": [13.375, 7.9375, 13.5625, 8.15625], "texture": "#texture"},
				"up": {"uv": [7.5625, 13.375, 7.71875, 13.5625], "texture": "#texture"},
				"down": {"uv": [7.5625, 2.4375, 7.71875, 2.625], "texture": "#texture"}
			}
		},
		{
			"name": "Box1",
			"from": [8.2188, 7.6875, 13.375],
			"to": [8.43755, 7.84375, 13.5625],
			"rotation": {"angle": -45, "axis": "z", "origin": [8.4375, 7.84375, 13.375]},
			"faces": {
				"north": {"uv": [7.60892, 7.95581, 7.82767, 8.11206], "texture": "#texture"},
				"east": {"uv": [2.4375, 7.95581, 2.625, 8.11206], "texture": "#texture"},
				"south": {"uv": [8.17234, 7.95581, 8.39109, 8.11206], "texture": "#texture"},
				"west": {"uv": [13.375, 7.95581, 13.5625, 8.11206], "texture": "#texture"},
				"up": {"uv": [8.17234, 13.375, 8.39109, 13.5625], "texture": "#texture"},
				"down": {"uv": [8.17234, 2.4375, 8.39109, 2.625], "texture": "#texture"}
			}
		},
		{
			"name": "Box1",
			"from": [7.5625, 6.2812, 10.5312],
			"to": [8.4375, 7.8437, 12.62495],
			"faces": {
				"north": {"uv": [7.5625, 8.15625, 8.4375, 9.71875], "texture": "#texture1"},
				"east": {"uv": [3.375, 8.15625, 5.46875, 9.71875], "texture": "#texture1"},
				"south": {"uv": [7.5625, 8.15625, 8.4375, 9.71875], "texture": "#texture1"},
				"west": {"uv": [10.53125, 8.15625, 12.625, 9.71875], "texture": "#texture1"},
				"up": {"uv": [7.5625, 10.53125, 8.4375, 12.625], "texture": "#texture1"},
				"down": {"uv": [7.5625, 3.375, 8.4375, 5.46875], "texture": "#texture1"}
			}
		},
		{
			"name": "Box1",
			"from": [7.4062, 6, 13.1562],
			"to": [8.5937, 7.0625, 15.6562],
			"faces": {
				"north": {"uv": [7.40625, 8.9375, 8.59375, 10], "texture": "#texture1"},
				"east": {"uv": [0.34375, 8.9375, 2.84375, 10], "texture": "#texture1"},
				"south": {"uv": [7.40625, 8.9375, 8.59375, 10], "texture": "#texture1"},
				"west": {"uv": [13.15625, 8.9375, 15.65625, 10], "texture": "#texture1"},
				"up": {"uv": [7.40625, 13.15625, 8.59375, 15.65625], "texture": "#texture1"},
				"down": {"uv": [7.40625, 0.34375, 8.59375, 2.84375], "texture": "#texture1"}
			}
		},
		{
			"name": "Box1",
			"from": [7.4064, 7.0312, 12.9688],
			"to": [8.5939, 7.68745, 13.12505],
			"rotation": {"angle": 22.5, "axis": "x", "origin": [7.40635, 7.03125, 12.96875]},
			"faces": {
				"north": {"uv": [7.40615, 8.3125, 8.59365, 8.96875], "texture": "#texture"},
				"east": {"uv": [2.875, 8.3125, 3.03125, 8.96875], "texture": "#texture"},
				"south": {"uv": [7.40635, 8.3125, 8.59385, 8.96875], "texture": "#texture"},
				"west": {"uv": [12.96875, 8.3125, 13.125, 8.96875], "texture": "#texture"},
				"up": {"uv": [7.40635, 12.96875, 8.59385, 13.125], "texture": "#texture"},
				"down": {"uv": [7.40635, 2.875, 8.59385, 3.03125], "texture": "#texture"}
			}
		},
		{
			"name": "Box1",
			"from": [7.4062, 7.5625, 13.2188],
			"to": [8.5937, 7.6875, 13.62505],
			"faces": {
				"north": {"uv": [7.40625, 8.3125, 8.59375, 8.4375], "texture": "#texture"},
				"east": {"uv": [2.375, 8.3125, 2.78125, 8.4375], "texture": "#texture"},
				"south": {"uv": [7.40625, 8.3125, 8.59375, 8.4375], "texture": "#texture"},
				"west": {"uv": [13.21875, 8.3125, 13.625, 8.4375], "texture": "#texture"},
				"up": {"uv": [7.40625, 13.21875, 8.59375, 13.625], "texture": "#texture"},
				"down": {"uv": [7.40625, 2.375, 8.59375, 2.78125], "texture": "#texture"}
			}
		},
		{
			"name": "Box1",
			"from": [7.4063, 7.0625, 12.8125],
			"to": [8.5938, 7.46875, 12.96875],
			"rotation": {"angle": 45, "axis": "x", "origin": [7.4063, 7.0625, 12.8125]},
			"faces": {
				"north": {"uv": [7.4062, 8.53125, 8.5937, 8.9375], "texture": "#texture"},
				"east": {"uv": [3.03125, 8.53125, 3.1875, 8.9375], "texture": "#texture"},
				"south": {"uv": [7.4063, 8.53125, 8.5938, 8.9375], "texture": "#texture"},
				"west": {"uv": [12.8125, 8.53125, 12.96875, 8.9375], "texture": "#texture"},
				"up": {"uv": [7.4063, 12.8125, 8.5938, 12.96875], "texture": "#texture"},
				"down": {"uv": [7.4063, 3.03125, 8.5938, 3.1875], "texture": "#texture"}
			}
		},
		{
			"name": "Box1",
			"from": [7.4064, 6.9062, 12.6875],
			"to": [8.5939, 7.06245, 13.09375],
			"rotation": {"angle": -22.5, "axis": "x", "origin": [7.4064, 7.0625, 12.6875]},
			"faces": {
				"north": {"uv": [7.4061, 8.92561, 8.5936, 9.08186], "texture": "#texture"},
				"east": {"uv": [2.84646, 8.92561, 3.25271, 9.08186], "texture": "#texture"},
				"south": {"uv": [7.4064, 8.92561, 8.5939, 9.08186], "texture": "#texture"},
				"west": {"uv": [12.74729, 8.92561, 13.15354, 9.08186], "texture": "#texture"},
				"up": {"uv": [7.4064, 12.74729, 8.5939, 13.15354], "texture": "#texture"},
				"down": {"uv": [7.4064, 2.84646, 8.5939, 3.25271], "texture": "#texture"}
			}
		},
		{
			"name": "Box1",
			"from": [7.8438, 7.6875, 13.375],
			"to": [8.1563, 8.03125, 13.6875],
			"faces": {
				"north": {"uv": [7.84375, 7.96875, 8.15625, 8.3125], "texture": "#texture"},
				"east": {"uv": [2.3125, 7.96875, 2.625, 8.3125], "texture": "#texture"},
				"south": {"uv": [7.84375, 7.96875, 8.15625, 8.3125], "texture": "#texture"},
				"west": {"uv": [13.375, 7.96875, 13.6875, 8.3125], "texture": "#texture"},
				"up": {"uv": [7.84375, 13.375, 8.15625, 13.6875], "texture": "#texture"},
				"down": {"uv": [7.84375, 2.3125, 8.15625, 2.625], "texture": "#texture"}
			}
		},
		{
			"name": "Box1",
			"from": [7.7188, 7.7813, 13.3751],
			"to": [7.7813, 8.00005, 13.5626],
			"faces": {
				"north": {"uv": [8.21875, 7.99995, 8.28125, 8.2187], "texture": "#texture"},
				"east": {"uv": [2.4374, 7.99995, 2.6249, 8.2187], "texture": "#texture"},
				"south": {"uv": [7.71875, 7.99995, 7.78125, 8.2187], "texture": "#texture"},
				"west": {"uv": [13.3751, 7.99995, 13.5626, 8.2187], "texture": "#texture"},
				"up": {"uv": [7.71875, 13.3751, 7.78125, 13.5626], "texture": "#texture"},
				"down": {"uv": [7.71875, 2.4374, 7.78125, 2.6249], "texture": "#texture"}
			}
		},
		{
			"name": "Box1",
			"from": [8.2188, 7.7812, 13.3751],
			"to": [8.2813, 7.99995, 13.5626],
			"faces": {
				"north": {"uv": [7.71875, 8, 7.78125, 8.21875], "texture": "#texture"},
				"east": {"uv": [2.4374, 8, 2.6249, 8.21875], "texture": "#texture"},
				"south": {"uv": [8.21875, 8, 8.28125, 8.21875], "texture": "#texture"},
				"west": {"uv": [13.3751, 8, 13.5626, 8.21875], "texture": "#texture"},
				"up": {"uv": [8.21875, 13.3751, 8.28125, 13.5626], "texture": "#texture"},
				"down": {"uv": [8.21875, 2.4374, 8.28125, 2.6249], "texture": "#texture"}
			}
		},
		{
			"name": "Box1",
			"from": [7.4064, 7.0625, 13.1562],
			"to": [8.5939, 7.59375, 13.5937],
			"rotation": {"angle": 22.5, "axis": "x", "origin": [7.40635, 7.0625, 13.15625]},
			"faces": {
				"north": {"uv": [7.40615, 8.40625, 8.59365, 8.9375], "texture": "#texture1"},
				"east": {"uv": [2.40625, 8.40625, 2.84375, 8.9375], "texture": "#texture1"},
				"south": {"uv": [7.40635, 8.40625, 8.59385, 8.9375], "texture": "#texture1"},
				"west": {"uv": [13.15625, 8.40625, 13.59375, 8.9375], "texture": "#texture1"},
				"up": {"uv": [7.40635, 13.15625, 8.59385, 13.59375], "texture": "#texture1"},
				"down": {"uv": [7.40635, 2.40625, 8.59385, 2.84375], "texture": "#texture1"}
			}
		},
		{
			"name": "Box1",
			"from": [7.4062, 7.3688, 13.3638],
			"to": [8.5937, 7.5563, 13.70755],
			"faces": {
				"north": {"uv": [7.40625, 8.44375, 8.59375, 8.63125], "texture": "#texture1"},
				"east": {"uv": [2.2925, 8.44375, 2.63625, 8.63125], "texture": "#texture1"},
				"south": {"uv": [7.40625, 8.44375, 8.59375, 8.63125], "texture": "#texture1"},
				"west": {"uv": [13.36375, 8.44375, 13.7075, 8.63125], "texture": "#texture1"},
				"up": {"uv": [7.40625, 13.36375, 8.59375, 13.7075], "texture": "#texture1"},
				"down": {"uv": [7.40625, 2.2925, 8.59375, 2.63625], "texture": "#texture1"}
			}
		},
		{
			"name": "Box1",
			"from": [7.4062, 7.0625, 13.625],
			"to": [7.68745, 7.6875, 14.71875],
			"faces": {
				"north": {"uv": [8.3125, 8.3125, 8.59375, 8.9375], "texture": "#texture1"},
				"east": {"uv": [1.28125, 8.3125, 2.375, 8.9375], "texture": "#texture1"},
				"south": {"uv": [7.40625, 8.3125, 7.6875, 8.9375], "texture": "#texture1"},
				"west": {"uv": [13.625, 8.3125, 14.71875, 8.9375], "texture": "#texture1"},
				"up": {"uv": [7.40625, 13.625, 7.6875, 14.71875], "texture": "#texture1"},
				"down": {"uv": [7.40625, 1.28125, 7.6875, 2.375], "texture": "#texture1"}
			}
		},
		{
			"name": "Box1",
			"from": [7.9375, 7.6875, 13.6875],
			"to": [8.0625, 7.8125, 14.71875],
			"faces": {
				"north": {"uv": [7.9375, 8.1875, 8.0625, 8.3125], "texture": "#texture"},
				"east": {"uv": [1.28125, 8.1875, 2.3125, 8.3125], "texture": "#texture"},
				"south": {"uv": [7.9375, 8.1875, 8.0625, 8.3125], "texture": "#texture"},
				"west": {"uv": [13.6875, 8.1875, 14.71875, 8.3125], "texture": "#texture"},
				"up": {"uv": [7.9375, 13.6875, 8.0625, 14.71875], "texture": "#texture"},
				"down": {"uv": [7.9375, 1.28125, 8.0625, 2.3125], "texture": "#texture"}
			}
		},
		{
			"name": "Box1",
			"from": [7.9376, 7.8125, 13.6875],
			"to": [8.0626, 7.96875, 14.28125],
			"rotation": {"angle": 22.5, "axis": "x", "origin": [7.9376, 7.96875, 13.6875]},
			"faces": {
				"north": {"uv": [7.9374, 8.01936, 8.0624, 8.17561], "texture": "#texture"},
				"east": {"uv": [1.77855, 8.01936, 2.37229, 8.17561], "texture": "#texture"},
				"south": {"uv": [7.9376, 8.01936, 8.0626, 8.17561], "texture": "#texture"},
				"west": {"uv": [13.6277, 8.01936, 14.22145, 8.17561], "texture": "#texture"},
				"up": {"uv": [7.9376, 13.6277, 8.0626, 14.22145], "texture": "#texture"},
				"down": {"uv": [7.9376, 1.77855, 8.0626, 2.37229], "texture": "#texture"}
			}
		},
		{
			"name": "Box1",
			"from": [7.9376, 7.8125, 14.4375],
			"to": [8.0626, 7.9375, 14.5],
			"rotation": {"angle": 45, "axis": "x", "origin": [7.9376, 7.8125, 14.4375]},
			"faces": {
				"north": {"uv": [7.9374, 8.0625, 8.0624, 8.1875], "texture": "#texture"},
				"east": {"uv": [1.5, 8.0625, 1.5625, 8.1875], "texture": "#texture"},
				"south": {"uv": [7.9376, 8.0625, 8.0626, 8.1875], "texture": "#texture"},
				"west": {"uv": [14.4375, 8.0625, 14.5, 8.1875], "texture": "#texture"},
				"up": {"uv": [7.9376, 14.4375, 8.0626, 14.5], "texture": "#texture"},
				"down": {"uv": [7.9376, 1.5, 8.0626, 1.5625], "texture": "#texture"}
			}
		},
		{
			"name": "Box1",
			"from": [7.9375, 7.8125, 14.5312],
			"to": [8.0625, 7.90625, 14.7187],
			"faces": {
				"north": {"uv": [7.9375, 8.09375, 8.0625, 8.1875], "texture": "#texture"},
				"east": {"uv": [1.28125, 8.09375, 1.46875, 8.1875], "texture": "#texture"},
				"south": {"uv": [7.9375, 8.09375, 8.0625, 8.1875], "texture": "#texture"},
				"west": {"uv": [14.53125, 8.09375, 14.71875, 8.1875], "texture": "#texture"},
				"up": {"uv": [7.9375, 14.53125, 8.0625, 14.71875], "texture": "#texture"},
				"down": {"uv": [7.9375, 1.28125, 8.0625, 1.46875], "texture": "#texture"}
			}
		},
		{
			"name": "Box1",
			"from": [7.6875, 7.5312, 13.625],
			"to": [8.3125, 7.68745, 14.71875],
			"faces": {
				"north": {"uv": [7.6875, 8.3125, 8.3125, 8.46875], "texture": "#texture"},
				"east": {"uv": [1.28125, 8.3125, 2.375, 8.46875], "texture": "#texture"},
				"south": {"uv": [7.6875, 8.3125, 8.3125, 8.46875], "texture": "#texture"},
				"west": {"uv": [13.625, 8.3125, 14.71875, 8.46875], "texture": "#texture"},
				"up": {"uv": [7.6875, 13.625, 8.3125, 14.71875], "texture": "#texture"},
				"down": {"uv": [7.6875, 1.28125, 8.3125, 2.375], "texture": "#texture"}
			}
		},
		{
			"name": "Box1",
			"from": [8.3125, 7.0625, 13.625],
			"to": [8.59375, 7.6875, 14.71875],
			"faces": {
				"north": {"uv": [7.40625, 8.3125, 7.6875, 8.9375], "texture": "#texture1"},
				"east": {"uv": [1.28125, 8.3125, 2.375, 8.9375], "texture": "#texture1"},
				"south": {"uv": [8.3125, 8.3125, 8.59375, 8.9375], "texture": "#texture1"},
				"west": {"uv": [13.625, 8.3125, 14.71875, 8.9375], "texture": "#texture1"},
				"up": {"uv": [8.3125, 13.625, 8.59375, 14.71875], "texture": "#texture1"},
				"down": {"uv": [8.3125, 1.28125, 8.59375, 2.375], "texture": "#texture1"}
			}
		},
		{
			"name": "Box1",
			"from": [7.4063, 6.4688, 14.7188],
			"to": [7.68755, 7.68755, 19.18755],
			"rotation": {"angle": 22.5, "axis": "x", "origin": [7.4063, 7.6875, 14.7188]},
			"faces": {
				"north": {"uv": [8.31245, 8.21968, 8.5937, 9.43843], "texture": "#texture1", "cullface": "south"},
				"east": {"uv": [0, 8.21968, 1.74758, 9.43843], "texture": "#texture1", "cullface": "south"},
				"south": {"uv": [7.4063, 8.21968, 7.68755, 9.43843], "texture": "#texture1", "cullface": "south"},
				"west": {"uv": [14.25242, 8.21968, 16, 9.43843], "texture": "#texture1", "cullface": "south"},
				"up": {"uv": [7.4063, 14.25242, 7.68755, 16], "texture": "#texture1", "cullface": "south"},
				"down": {"uv": [7.4063, 0, 7.68755, 1.74758], "texture": "#texture1", "cullface": "south"}
			}
		},
		{
			"name": "Box1",
			"from": [8.3126, 6.4688, 14.7188],
			"to": [8.59385, 7.68755, 19.18755],
			"rotation": {"angle": 22.5, "axis": "x", "origin": [8.3126, 7.6875, 14.71875]},
			"faces": {
				"north": {"uv": [7.40615, 8.21968, 7.6874, 9.43843], "texture": "#texture1", "cullface": "south"},
				"east": {"uv": [0, 8.21968, 1.74763, 9.43843], "texture": "#texture1", "cullface": "south"},
				"south": {"uv": [8.3126, 8.21968, 8.59385, 9.43843], "texture": "#texture1", "cullface": "south"},
				"west": {"uv": [14.25237, 8.21968, 16, 9.43843], "texture": "#texture1", "cullface": "south"},
				"up": {"uv": [8.3126, 14.25237, 8.59385, 16], "texture": "#texture1", "cullface": "south"},
				"down": {"uv": [8.3126, 0, 8.59385, 1.74763], "texture": "#texture1", "cullface": "south"}
			}
		},
		{
			"name": "Box1",
			"from": [7.6876, 7.5312, 14.7187],
			"to": [8.3126, 7.68745, 15.4062],
			"rotation": {"angle": 22.5, "axis": "x", "origin": [7.6876, 7.6875, 14.71875]},
			"faces": {
				"north": {"uv": [7.6874, 8.30061, 8.3124, 8.45686], "texture": "#texture"},
				"east": {"uv": [0.65355, 8.30061, 1.34105, 8.45686], "texture": "#texture"},
				"south": {"uv": [7.6876, 8.30061, 8.3126, 8.45686], "texture": "#texture"},
				"west": {"uv": [14.65895, 8.30061, 15.34645, 8.45686], "texture": "#texture"},
				"up": {"uv": [7.6876, 14.65895, 8.3126, 15.34645], "texture": "#texture"},
				"down": {"uv": [7.6876, 0.65355, 8.3126, 1.34105], "texture": "#texture"}
			}
		},
		{
			"name": "Box1",
			"from": [7.6876, 6.2188, 15.3125],
			"to": [8.3126, 7.43755, 19.78125],
			"rotation": {"angle": 22.5, "axis": "x", "origin": [7.6876, 7.4375, 15.3125]},
			"faces": {
				"north": {"uv": [7.6874, 8.46968, 8.3124, 9.68843], "texture": "#texture1", "cullface": "south"},
				"east": {"uv": [0, 8.46968, 1.15388, 9.68843], "texture": "#texture1", "cullface": "south"},
				"south": {"uv": [7.6876, 8.46968, 8.3126, 9.68843], "texture": "#texture1", "cullface": "south"},
				"west": {"uv": [14.84612, 8.46968, 16, 9.68843], "texture": "#texture1", "cullface": "south"},
				"up": {"uv": [7.6876, 14.84612, 8.3126, 16], "texture": "#texture1", "cullface": "south"},
				"down": {"uv": [7.6876, 0, 8.3126, 1.15388], "texture": "#texture1", "cullface": "south"}
			}
		},
		{
			"name": "Box1",
			"from": [7.4064, 5.4688, 16.9062],
			"to": [8.5939, 6.5313, 19.2812],
			"rotation": {"angle": 45, "axis": "x", "origin": [7.4064, 5.46875, 16.90625]},
			"faces": {
				"north": {"uv": [7.4061, 9.46875, 8.5936, 10.53125], "texture": "#texture1", "cullface": "south"},
				"east": {"uv": [12.71875, 9.46875, 15.09375, 10.53125], "texture": "#texture1", "cullface": "south"},
				"south": {"uv": [7.4064, 9.46875, 8.5939, 10.53125], "texture": "#texture1", "cullface": "south"},
				"west": {"uv": [0.90625, 9.46875, 3.28125, 10.53125], "texture": "#texture1", "cullface": "south"},
				"up": {"uv": [7.4064, 0.90625, 8.5939, 3.28125], "texture": "#texture1", "cullface": "south"},
				"down": {"uv": [7.4064, 12.71875, 8.5939, 15.09375], "texture": "#texture1", "cullface": "south"}
			}
		},
		{
			"name": "Box1",
			"from": [7.4063, 3.7813, 18.5937],
			"to": [8.5938, 4.8438, 19.9687],
			"rotation": {"angle": -22.5, "axis": "x", "origin": [7.4063, 3.7813, 18.5937]},
			"faces": {
				"north": {"uv": [7.4062, 11.1562, 8.5937, 12.2187], "texture": "#texture1", "cullface": "south"},
				"east": {"uv": [12.0313, 11.1562, 13.4063, 12.2187], "texture": "#texture1", "cullface": "south"},
				"south": {"uv": [7.4063, 11.1562, 8.5938, 12.2187], "texture": "#texture1", "cullface": "south"},
				"west": {"uv": [2.5937, 11.1562, 3.9687, 12.2187], "texture": "#texture1", "cullface": "south"},
				"up": {"uv": [7.4063, 2.5937, 8.5938, 3.9687], "texture": "#texture1", "cullface": "south"},
				"down": {"uv": [7.4063, 12.0313, 8.5938, 13.4063], "texture": "#texture1", "cullface": "south"}
			}
		},
		{
			"name": "Box1",
			"from": [7.4063, 4.3125, 19.8438],
			"to": [8.5938, 6.3125, 25.3438],
			"rotation": {"angle": 22.5, "axis": "x", "origin": [7.4063, 4.3125, 19.84375]},
			"faces": {
				"north": {"uv": [7.4062, 9.6875, 8.5937, 11.6875], "texture": "#texture1", "cullface": "south"},
				"east": {"uv": [6.65625, 9.6875, 12.15625, 11.6875], "texture": "#texture1", "cullface": "south"},
				"south": {"uv": [7.4063, 9.6875, 8.5938, 11.6875], "texture": "#texture1", "cullface": "south"},
				"west": {"uv": [3.84375, 9.6875, 9.34375, 11.6875], "texture": "#texture1", "cullface": "south"},
				"up": {"uv": [7.4063, 3.84375, 8.5938, 9.34375], "texture": "#texture1", "cullface": "south"},
				"down": {"uv": [7.4063, 6.65625, 8.5938, 12.15625], "texture": "#texture1", "cullface": "south"}
			}
		},
		{
			"name": "Box1",
			"from": [7.4062, 5, 18.4062],
			"to": [8.5937, 6.0625, 19.7812],
			"faces": {
				"north": {"uv": [7.40625, 9.9375, 8.59375, 11], "texture": "#texture1", "cullface": "south"},
				"east": {"uv": [12.21875, 9.9375, 13.59375, 11], "texture": "#texture1", "cullface": "south"},
				"south": {"uv": [7.40625, 9.9375, 8.59375, 11], "texture": "#texture1", "cullface": "south"},
				"west": {"uv": [2.40625, 9.9375, 3.78125, 11], "texture": "#texture1", "cullface": "south"},
				"up": {"uv": [7.40625, 2.40625, 8.59375, 3.78125], "texture": "#texture1", "cullface": "south"},
				"down": {"uv": [7.40625, 12.21875, 8.59375, 13.59375], "texture": "#texture1", "cullface": "south"}
			}
		},
		{
			"name": "Box1",
			"from": [7.4064, 6.0625, 19.25],
			"to": [8.5939, 6.78125, 19.65625],
			"rotation": {"angle": 22.5, "axis": "x", "origin": [7.40635, 6.0625, 19.25]},
			"faces": {
				"north": {"uv": [7.40615, 9.21875, 8.59365, 9.9375], "texture": "#texture1", "cullface": "south"},
				"east": {"uv": [12.34375, 9.21875, 12.75, 9.9375], "texture": "#texture1", "cullface": "south"},
				"south": {"uv": [7.40635, 9.21875, 8.59385, 9.9375], "texture": "#texture1", "cullface": "south"},
				"west": {"uv": [3.25, 9.21875, 3.65625, 9.9375], "texture": "#texture1", "cullface": "south"},
				"up": {"uv": [7.40635, 3.25, 8.59385, 3.65625], "texture": "#texture1", "cullface": "south"},
				"down": {"uv": [7.40635, 12.34375, 8.59385, 12.75], "texture": "#texture1", "cullface": "south"}
			}
		},
		{
			"name": "Box1",
			"from": [7.4062, 4.3125, 19.5312],
			"to": [8.5937, 6.71875, 26.5312],
			"faces": {
				"north": {"uv": [7.40625, 9.28125, 8.59375, 11.6875], "texture": "#texture1", "cullface": "south"},
				"east": {"uv": [5.46875, 9.28125, 12.46875, 11.6875], "texture": "#texture1", "cullface": "south"},
				"south": {"uv": [7.40625, 9.28125, 8.59375, 11.6875], "texture": "#texture1", "cullface": "south"},
				"west": {"uv": [3.53125, 9.28125, 10.53125, 11.6875], "texture": "#texture1", "cullface": "south"},
				"up": {"uv": [7.40625, 3.53125, 8.59375, 10.53125], "texture": "#texture1", "cullface": "south"},
				"down": {"uv": [7.40625, 5.46875, 8.59375, 12.46875], "texture": "#texture1", "cullface": "south"}
			}
		},
		{
			"name": "Box1",
			"from": [7.4062, 2.2188, 24.9062],
			"to": [8.5937, 6.0313, 26.5312],
			"faces": {
				"north": {"uv": [7.40625, 9.96875, 8.59375, 13.78125], "texture": "#texture1", "cullface": "south"},
				"east": {"uv": [5.46875, 9.96875, 7.09375, 13.78125], "texture": "#texture1", "cullface": "south"},
				"south": {"uv": [7.40625, 9.96875, 8.59375, 13.78125], "texture": "#texture1", "cullface": "south"},
				"west": {"uv": [8.90625, 9.96875, 10.53125, 13.78125], "texture": "#texture1", "cullface": "south"},
				"up": {"uv": [7.40625, 8.90625, 8.59375, 10.53125], "texture": "#texture1", "cullface": "south"},
				"down": {"uv": [7.40625, 5.46875, 8.59375, 7.09375], "texture": "#texture1", "cullface": "south"}
			}
		},
		{
			"name": "Box1",
			"from": [7.375, 2.1875, 26.5312],
			"to": [8.625, 6.75, 27.18745],
			"faces": {
				"north": {"uv": [7.375, 9.25, 8.625, 13.8125], "texture": "#texture1", "cullface": "south"},
				"east": {"uv": [4.8125, 9.25, 5.46875, 13.8125], "texture": "#texture1", "cullface": "south"},
				"south": {"uv": [7.375, 9.25, 8.625, 13.8125], "texture": "#texture1", "cullface": "south"},
				"west": {"uv": [10.53125, 9.25, 11.1875, 13.8125], "texture": "#texture1", "cullface": "south"},
				"up": {"uv": [7.375, 10.53125, 8.625, 11.1875], "texture": "#texture1", "cullface": "south"},
				"down": {"uv": [7.375, 4.8125, 8.625, 5.46875], "texture": "#texture1", "cullface": "south"}
			}
		},
		{
			"name": "Box1",
			"from": [7.5, 6.9062, 10.5312],
			"to": [8.5, 7.24995, 11.06245],
			"faces": {
				"north": {"uv": [7.5, 8.75, 8.5, 9.09375], "texture": "#texture"},
				"east": {"uv": [4.9375, 8.75, 5.46875, 9.09375], "texture": "#texture"},
				"south": {"uv": [7.5, 8.75, 8.5, 9.09375], "texture": "#texture"},
				"west": {"uv": [10.53125, 8.75, 11.0625, 9.09375], "texture": "#texture"},
				"up": {"uv": [7.5, 10.53125, 8.5, 11.0625], "texture": "#texture"},
				"down": {"uv": [7.5, 4.9375, 8.5, 5.46875], "texture": "#texture"}
			}
		},
		{
			"name": "Box1",
			"from": [7.5001, 7.0312, 11.0625],
			"to": [8.5001, 7.24995, 11.40625],
			"rotation": {"angle": 45, "axis": "x", "origin": [7.5001, 7.25, 11.0625]},
			"faces": {
				"north": {"uv": [7.4999, 8.68593, 8.4999, 8.90468], "texture": "#texture"},
				"east": {"uv": [4.74843, 8.68593, 5.09218, 8.90468], "texture": "#texture"},
				"south": {"uv": [7.5001, 8.68593, 8.5001, 8.90468], "texture": "#texture"},
				"west": {"uv": [10.90782, 8.68593, 11.25157, 8.90468], "texture": "#texture"},
				"up": {"uv": [7.5001, 10.90782, 8.5001, 11.25157], "texture": "#texture"},
				"down": {"uv": [7.5001, 4.74843, 8.5001, 5.09218], "texture": "#texture"}
			}
		},
		{
			"name": "Box1",
			"from": [7.75, 5, 12.875],
			"to": [8.25, 5.59375, 12.96875],
			"faces": {
				"north": {"uv": [7.75, 10.40625, 8.25, 11], "texture": "#texture"},
				"east": {"uv": [3.03125, 10.40625, 3.125, 11], "texture": "#texture"},
				"south": {"uv": [7.75, 10.40625, 8.25, 11], "texture": "#texture"},
				"west": {"uv": [12.875, 10.40625, 12.96875, 11], "texture": "#texture"},
				"up": {"uv": [7.75, 12.875, 8.25, 12.96875], "texture": "#texture"},
				"down": {"uv": [7.75, 3.03125, 8.25, 3.125], "texture": "#texture"}
			}
		},
		{
			"name": "Box1",
			"from": [7.75, 5.5938, 12.875],
			"to": [8.25, 6.2813, 12.96875],
			"rotation": {"angle": 45, "axis": "x", "origin": [7.75, 5.5938, 12.875]},
			"faces": {
				"north": {"uv": [7.75, 9.7187, 8.25, 10.4062], "texture": "#texture"},
				"east": {"uv": [3.03125, 9.7187, 3.125, 10.4062], "texture": "#texture"},
				"south": {"uv": [7.75, 9.7187, 8.25, 10.4062], "texture": "#texture"},
				"west": {"uv": [12.875, 9.7187, 12.96875, 10.4062], "texture": "#texture"},
				"up": {"uv": [7.75, 12.875, 8.25, 12.96875], "texture": "#texture"},
				"down": {"uv": [7.75, 3.03125, 8.25, 3.125], "texture": "#texture"}
			}
		},
		{
			"name": "Box1",
			"from": [7.75, 5, 12.875],
			"to": [8.25, 5.09375, 13.53125],
			"rotation": {"angle": 45, "axis": "x", "origin": [7.75, 5, 12.875]},
			"faces": {
				"north": {"uv": [7.75, 10.90626, 8.25, 11.00001], "texture": "#texture"},
				"east": {"uv": [2.46874, 10.90626, 3.12499, 11.00001], "texture": "#texture"},
				"south": {"uv": [7.75, 10.90626, 8.25, 11.00001], "texture": "#texture"},
				"west": {"uv": [12.87501, 10.90626, 13.53126, 11.00001], "texture": "#texture"},
				"up": {"uv": [7.75, 12.87501, 8.25, 13.53126], "texture": "#texture"},
				"down": {"uv": [7.75, 2.46874, 8.25, 3.12499], "texture": "#texture"}
			}
		},
		{
			"name": "Box1",
			"from": [7.75, 4.5312, 13.3438],
			"to": [8.25, 4.62495, 14.8438],
			"faces": {
				"north": {"uv": [7.75, 11.375, 8.25, 11.46875], "texture": "#texture"},
				"east": {"uv": [1.15625, 11.375, 2.65625, 11.46875], "texture": "#texture"},
				"south": {"uv": [7.75, 11.375, 8.25, 11.46875], "texture": "#texture"},
				"west": {"uv": [13.34375, 11.375, 14.84375, 11.46875], "texture": "#texture"},
				"up": {"uv": [7.75, 13.34375, 8.25, 14.84375], "texture": "#texture"},
				"down": {"uv": [7.75, 1.15625, 8.25, 2.65625], "texture": "#texture"}
			}
		},
		{
			"name": "Box1",
			"from": [7.75, 4.5312, 14.8438],
			"to": [8.25, 4.62495, 15.6563],
			"rotation": {"angle": -22.5, "axis": "x", "origin": [7.75, 4.53125, 14.84375]},
			"faces": {
				"north": {"uv": [7.75, 11.375, 8.25, 11.46875], "texture": "#texture"},
				"east": {"uv": [0.34375, 11.375, 1.15625, 11.46875], "texture": "#texture"},
				"south": {"uv": [7.75, 11.375, 8.25, 11.46875], "texture": "#texture"},
				"west": {"uv": [14.84375, 11.375, 15.65625, 11.46875], "texture": "#texture"},
				"up": {"uv": [7.75, 14.84375, 8.25, 15.65625], "texture": "#texture"},
				"down": {"uv": [7.75, 0.34375, 8.25, 1.15625], "texture": "#texture"}
			}
		},
		{
			"name": "Box1",
			"from": [7.75, 4.8438, 15.5],
			"to": [8.25, 5.6563, 15.59375],
			"rotation": {"angle": 22.5, "axis": "x", "origin": [7.75, 4.84375, 15.59375]},
			"faces": {
				"north": {"uv": [7.75, 10.30787, 8.25, 11.12037], "texture": "#texture"},
				"east": {"uv": [0.39911, 10.30787, 0.49286, 11.12037], "texture": "#texture"},
				"south": {"uv": [7.75, 10.30787, 8.25, 11.12037], "texture": "#texture"},
				"west": {"uv": [15.50714, 10.30787, 15.60089, 11.12037], "texture": "#texture"},
				"up": {"uv": [7.75, 15.50714, 8.25, 15.60089], "texture": "#texture"},
				"down": {"uv": [7.75, 0.39911, 8.25, 0.49286], "texture": "#texture"}
			}
		},
		{
			"name": "Box1",
			"from": [7.75, 5.5625, 15.8438],
			"to": [8.25, 5.65625, 16.6563],
			"rotation": {"angle": -22.5, "axis": "x", "origin": [7.75, 5.5625, 15.84375]},
			"faces": {
				"north": {"uv": [7.75, 10.34375, 8.25, 10.4375], "texture": "#texture", "cullface": "south"},
				"east": {"uv": [0, 10.34375, 0.15625, 10.4375], "texture": "#texture", "cullface": "south"},
				"south": {"uv": [7.75, 10.34375, 8.25, 10.4375], "texture": "#texture", "cullface": "south"},
				"west": {"uv": [15.84375, 10.34375, 16, 10.4375], "texture": "#texture", "cullface": "south"},
				"up": {"uv": [7.75, 15.84375, 8.25, 16], "texture": "#texture", "cullface": "south"},
				"down": {"uv": [7.75, 0, 8.25, 0.15625], "texture": "#texture", "cullface": "south"}
			}
		},
		{
			"name": "Box1",
			"from": [7.875, 5.125, 14.1562],
			"to": [8.125, 5.5625, 14.24995],
			"faces": {
				"north": {"uv": [7.875, 10.4375, 8.125, 10.875], "texture": "#texture"},
				"east": {"uv": [1.75, 10.4375, 1.84375, 10.875], "texture": "#texture"},
				"south": {"uv": [7.875, 10.4375, 8.125, 10.875], "texture": "#texture"},
				"west": {"uv": [14.15625, 10.4375, 14.25, 10.875], "texture": "#texture"},
				"up": {"uv": [7.875, 14.15625, 8.125, 14.25], "texture": "#texture"},
				"down": {"uv": [7.875, 1.75, 8.125, 1.84375], "texture": "#texture"}
			}
		},
		{
			"name": "Box1",
			"from": [7.875, 5.5625, 14.1562],
			"to": [8.125, 6.09375, 14.24995],
			"rotation": {"angle": -22.5, "axis": "x", "origin": [7.875, 5.5625, 14.25]},
			"faces": {
				"north": {"uv": [7.875, 9.94213, 8.125, 10.47338], "texture": "#texture"},
				"east": {"uv": [1.74286, 9.94213, 1.83661, 10.47338], "texture": "#texture"},
				"south": {"uv": [7.875, 9.94213, 8.125, 10.47338], "texture": "#texture"},
				"west": {"uv": [14.16339, 9.94213, 14.25714, 10.47338], "texture": "#texture"},
				"up": {"uv": [7.875, 14.16339, 8.125, 14.25714], "texture": "#texture"},
				"down": {"uv": [7.875, 1.74286, 8.125, 1.83661], "texture": "#texture"}
			}
		},
		{
			"name": "Box1",
			"from": [7.875, 4.6875, 14.1562],
			"to": [8.125, 5.125, 14.24995],
			"rotation": {"angle": 22.5, "axis": "x", "origin": [7.875, 5.125, 14.25]},
			"faces": {
				"north": {"uv": [7.875, 10.80582, 8.125, 11.24332], "texture": "#texture"},
				"east": {"uv": [1.91029, 10.80582, 2.00404, 11.24332], "texture": "#texture"},
				"south": {"uv": [7.875, 10.80582, 8.125, 11.24332], "texture": "#texture"},
				"west": {"uv": [13.99596, 10.80582, 14.08971, 11.24332], "texture": "#texture"},
				"up": {"uv": [7.875, 13.99596, 8.125, 14.08971], "texture": "#texture"},
				"down": {"uv": [7.875, 1.91029, 8.125, 2.00404], "texture": "#texture"}
			}
		},
		{
			"name": "Box1",
			"from": [7.875, 5.9062, 14.3438],
			"to": [8.125, 5.99995, 14.7813],
			"faces": {
				"north": {"uv": [7.875, 10, 8.125, 10.09375], "texture": "#texture"},
				"east": {"uv": [1.21875, 10, 1.65625, 10.09375], "texture": "#texture"},
				"south": {"uv": [7.875, 10, 8.125, 10.09375], "texture": "#texture"},
				"west": {"uv": [14.34375, 10, 14.78125, 10.09375], "texture": "#texture"},
				"up": {"uv": [7.875, 14.34375, 8.125, 14.78125], "texture": "#texture"},
				"down": {"uv": [7.875, 1.21875, 8.125, 1.65625], "texture": "#texture"}
			}
		},
		{
			"name": "Box1",
			"from": [7.875, 5.9062, 14.3438],
			"to": [8.125, 5.99995, 15.0313],
			"rotation": {"angle": 22.5, "axis": "x", "origin": [7.875, 5.90625, 14.34375]},
			"faces": {
				"north": {"uv": [7.875, 10, 8.125, 10.09375], "texture": "#texture"},
				"east": {"uv": [0.96875, 10, 1.65625, 10.09375], "texture": "#texture"},
				"south": {"uv": [7.875, 10, 8.125, 10.09375], "texture": "#texture"},
				"west": {"uv": [14.34375, 10, 15.03125, 10.09375], "texture": "#texture"},
				"up": {"uv": [7.875, 14.34375, 8.125, 15.03125], "texture": "#texture"},
				"down": {"uv": [7.875, 0.96875, 8.125, 1.65625], "texture": "#texture"}
			}
		},
		{
			"name": "Box1",
			"from": [7.875, 5.6663, 14.9475],
			"to": [8.125, 5.76005, 15.385],
			"rotation": {"angle": 45, "axis": "x", "origin": [7.875, 5.66625, 14.9475]},
			"faces": {
				"north": {"uv": [7.875, 10.24, 8.125, 10.33375], "texture": "#texture"},
				"east": {"uv": [0.615, 10.24, 1.0525, 10.33375], "texture": "#texture"},
				"south": {"uv": [7.875, 10.24, 8.125, 10.33375], "texture": "#texture"},
				"west": {"uv": [14.9475, 10.24, 15.385, 10.33375], "texture": "#texture"},
				"up": {"uv": [7.875, 14.9475, 8.125, 15.385], "texture": "#texture"},
				"down": {"uv": [7.875, 0.615, 8.125, 1.0525], "texture": "#texture"}
			}
		},
		{
			"name": "Box1",
			"from": [7.875, 5.0725, 15.2338],
			"to": [8.125, 5.385, 15.32755],
			"rotation": {"angle": -22.5, "axis": "x", "origin": [7.875, 5.385, 15.23375]},
			"faces": {
				"north": {"uv": [7.875, 10.59121, 8.125, 10.90371], "texture": "#texture"},
				"east": {"uv": [0.55291, 10.59121, 0.64666, 10.90371], "texture": "#texture"},
				"south": {"uv": [7.875, 10.59121, 8.125, 10.90371], "texture": "#texture"},
				"west": {"uv": [15.35334, 10.59121, 15.44709, 10.90371], "texture": "#texture"},
				"up": {"uv": [7.875, 15.35334, 8.125, 15.44709], "texture": "#texture"},
				"down": {"uv": [7.875, 0.55291, 8.125, 0.64666], "texture": "#texture"}
			}
		},
		{
			"name": "Box1",
			"from": [7.9062, 8.1875, -7.7813],
			"to": [8.0937, 8.375, -7.5938],
			"faces": {
				"north": {"uv": [7.90625, 7.625, 8.09375, 7.8125], "texture": "#texture1", "cullface": "north"},
				"east": {"uv": [7.59375, 7.625, 7.78125, 7.8125], "texture": "#texture1", "cullface": "north"},
				"south": {"uv": [7.90625, 7.625, 8.09375, 7.8125], "texture": "#texture1", "cullface": "north"},
				"west": {"uv": [8.21875, 7.625, 8.40625, 7.8125], "texture": "#texture1", "cullface": "north"},
				"up": {"uv": [7.90625, 8.21875, 8.09375, 8.40625], "texture": "#texture1", "cullface": "north"},
				"down": {"uv": [7.90625, 7.59375, 8.09375, 7.78125], "texture": "#texture1", "cullface": "north"}
			}
		},
		{
			"from": [5, 6, 8],
			"to": [7, 6.011, 20],
			"rotation": {"angle": -22.5, "axis": "y", "origin": [12, 8, 13]},
			"faces": {
				"north": {"uv": [11.625, 7.75, 16, 16], "texture": "#0"},
				"east": {"uv": [0, 0, 13, 6.75], "texture": "#0"},
				"south": {"uv": [0, 0, 1, 1], "texture": "#0"},
				"west": {"uv": [0, 0, 16, 9.125], "texture": "#0"},
				"up": {"uv": [7.125, 2.625, 16, 16], "texture": "#0"},
				"down": {"uv": [0, 0, 1, 7], "texture": "#0"}
			}
		}
	],
	"display": {
		"thirdperson_righthand": {
			"rotation": [0, 0, 90],
			"translation": [-3.25, -0.75, -3.75],
			"scale": [0.55, 0.55, 0.55]
		},
		"thirdperson_lefthand": {
			"rotation": [5, 0, 0],
			"translation": [0, 1.75, -3],
			"scale": [0.55, 0.55, 0.55]
		},
		"firstperson_righthand": {
			"translation": [-2, 4.5, -5],
			"scale": [1.3, 1.3, 1.3]
		},
		"firstperson_lefthand": {
			"translation": [-16, 4.5, -5],
			"scale": [1.3, 1.3, 1.3]
		},
		"ground": {
			"rotation": [0, 0, 90],
			"translation": [0, -6, 0],
			"scale": [0.95, 0.95, 0.95]
		},
		"gui": {
			"rotation": [90, 45, -90],
			"translation": [0, 1.5, 0],
			"scale": [0.6, 0.6, 0.6]
		}
	},
	"groups": [0, 1, 2, 3, 4, 5, 6, 7, 8, 9, 10, 11, 12, 13, 14, 15, 16, 17, 18, 19, 20, 21, 22, 23, 24, 25, 26, 27, 28, 29, 30, 31, 32, 33, 34, 35, 36, 37, 38, 39, 40, 41, 42, 43, 44, 45, 46, 47, 48, 49, 50, 51, 52, 53, 54, 55, 56, 57, 58, 59, 60, 61, 62, 63, 64, 65, 66, 67, 68, 69, 70, 71, 72, 73, 74, 75, 76, 77, 78, 79, 80, 81, 82, 83, 84, 85, 86, 87, 88, 89, 90, 91, 92, 93, 94, 95, 96, 97, 98, 99, 100, 101, 102, 103, 104, 105, 106, 107, 108, 109, 110, 111, 112,
		{
			"name": "ryka",
			"origin": [8, 8, 8],
			"children": [113]
		}
	]
}