{
	"credit": "Made with Blockbench",
	"ambientocclusion": false,
	"textures": {
		"4": "item/black",
		"particle": "item/black",
		"red": "item/item6",
		"main": "item/gray1"
	},
	"elements": [
		{
			"from": [1, 15.5, 5.5],
			"to": [1.5, 16, 10.5],
			"faces": {
				"east": {"uv": [5.5, 0, 10.5, 0.5], "texture": "#red"},
				"west": {"uv": [5.5, 0, 10.5, 0.5], "texture": "#red"},
				"down": {"uv": [1, 5.5, 1.5, 10.5], "texture": "#red"}
			}
		},
		{
			"from": [1, 14, 10.5],
			"to": [1.5, 16, 11.5],
			"faces": {
				"north": {"uv": [14.5, 0, 15, 2], "texture": "#red"},
				"east": {"uv": [4.5, 0, 5.5, 2], "texture": "#red"},
				"south": {"uv": [1, 0, 1.5, 2], "texture": "#red"},
				"west": {"uv": [10.5, 0, 11.5, 2], "texture": "#red"},
				"up": {"uv": [1, 10.5, 1.5, 11.5], "texture": "#red", "cullface": "up"}
			}
		},
		{
			"from": [1, 14, 4.5],
			"to": [1.5, 16, 5.5],
			"faces": {
				"north": {"uv": [14.5, 0, 15, 2], "texture": "#red"},
				"east": {"uv": [10.5, 0, 11.5, 2], "texture": "#red"},
				"south": {"uv": [1, 0, 1.5, 2], "texture": "#red"},
				"west": {"uv": [4.5, 0, 5.5, 2], "texture": "#red"},
				"up": {"uv": [1, 4.5, 1.5, 5.5], "texture": "#red", "cullface": "up"}
			}
		},
		{
			"from": [1, 16, 5],
			"to": [1.5, 16.5, 11],
			"faces": {
				"north": {"uv": [14.5, 15.5, 15, 16], "texture": "#red", "cullface": "up"},
				"east": {"uv": [5, 15.5, 11, 16], "texture": "#red", "cullface": "up"},
				"south": {"uv": [1, 15.5, 1.5, 16], "texture": "#red", "cullface": "up"},
				"west": {"uv": [5, 15.5, 11, 16], "texture": "#red", "cullface": "up"},
				"up": {"uv": [1, 5, 1.5, 11], "texture": "#red", "cullface": "up"},
				"down": {"uv": [1, 5, 1.5, 11], "texture": "#red", "cullface": "up"}
			}
		},
		{
			"from": [0.5, 3, 0.5],
			"to": [2, 4, 1],
			"faces": {
				"north": {"uv": [14, 12, 15.5, 13], "texture": "#red"},
				"east": {"uv": [15, 12, 15.5, 13], "texture": "#red"},
				"south": {"uv": [0.5, 12, 2, 13], "texture": "#red"},
				"west": {"uv": [0.5, 12, 1, 13], "texture": "#red"},
				"up": {"uv": [0.5, 0.5, 2, 1], "texture": "#red"},
				"down": {"uv": [0.5, 15, 2, 15.5], "texture": "#red"}
			}
		},
		{
			"from": [0.5, 3, 1],
			"to": [2, 3.5, 15.5],
			"faces": {
				"east": {"uv": [0.5, 12.5, 15, 13], "texture": "#red"},
				"south": {"uv": [0.5, 12.5, 2, 13], "texture": "#red"},
				"west": {"uv": [1, 12.5, 15.5, 13], "texture": "#red"},
				"up": {"uv": [0.5, 1, 2, 15.5], "texture": "#red"},
				"down": {"uv": [0.5, 0.5, 2, 15], "texture": "#red"}
			}
		},
		{
			"from": [0.5, 3.5, 0],
			"to": [2, 13.5, 0.5],
			"faces": {
				"north": {"uv": [14, 2.5, 15.5, 12.5], "texture": "#red", "cullface": "north"},
				"east": {"uv": [15.5, 2.5, 16, 12.5], "texture": "#red"},
				"south": {"uv": [0.5, 2.5, 2, 12.5], "texture": "#red"},
				"west": {"uv": [0, 2.5, 0.5, 12.5], "texture": "#red"},
				"up": {"uv": [0.5, 0, 2, 0.5], "texture": "#red"},
				"down": {"uv": [0.5, 15.5, 2, 16], "texture": "#red"}
			}
		},
		{
			"from": [0.5, 3.5, 15],
			"to": [2, 4, 16],
			"faces": {
				"north": {"uv": [14, 12, 15.5, 12.5], "texture": "#red"},
				"east": {"uv": [0, 12, 1, 12.5], "texture": "#red"},
				"south": {"uv": [0.5, 12, 2, 12.5], "texture": "#red", "cullface": "south"},
				"west": {"uv": [15, 12, 16, 12.5], "texture": "#red"},
				"up": {"uv": [0.5, 15, 2, 16], "texture": "#red"},
				"down": {"uv": [0.5, 0, 2, 1], "texture": "#red"}
			}
		},
		{
			"from": [0.5, 4, 15.5],
			"to": [2, 13.5, 16],
			"faces": {
				"north": {"uv": [14, 2.5, 15.5, 12], "texture": "#red"},
				"east": {"uv": [0, 2.5, 0.5, 12], "texture": "#red"},
				"south": {"uv": [0.5, 2.5, 2, 12], "texture": "#red", "cullface": "south"},
				"west": {"uv": [15.5, 2.5, 16, 12], "texture": "#red"},
				"up": {"uv": [0.5, 15.5, 2, 16], "texture": "#red"}
			}
		},
		{
			"from": [0.5, 13, 0.5],
			"to": [2, 14, 1],
			"faces": {
				"north": {"uv": [14, 2, 15.5, 3], "texture": "#red"},
				"east": {"uv": [15, 2, 15.5, 3], "texture": "#red"},
				"south": {"uv": [0.5, 2, 2, 3], "texture": "#red"},
				"west": {"uv": [0.5, 2, 1, 3], "texture": "#red"},
				"up": {"uv": [0.5, 0.5, 2, 1], "texture": "#red"},
				"down": {"uv": [0.5, 15, 2, 15.5], "texture": "#red"}
			}
		},
		{
			"from": [0.5, 13, 15],
			"to": [2, 14, 15.5],
			"faces": {
				"north": {"uv": [14, 2, 15.5, 3], "texture": "#red"},
				"east": {"uv": [0.5, 2, 1, 3], "texture": "#red"},
				"south": {"uv": [0.5, 2, 2, 3], "texture": "#red"},
				"west": {"uv": [15, 2, 15.5, 3], "texture": "#red"},
				"up": {"uv": [0.5, 15, 2, 15.5], "texture": "#red"},
				"down": {"uv": [0.5, 0.5, 2, 1], "texture": "#red"}
			}
		},
		{
			"from": [0.5, 13.5, 1],
			"to": [2, 14, 15],
			"faces": {
				"east": {"uv": [1, 2, 15, 2.5], "texture": "#red"},
				"west": {"uv": [1, 2, 15, 2.5], "texture": "#red"},
				"up": {"uv": [0.5, 1, 2, 15], "texture": "#red"},
				"down": {"uv": [0.5, 1, 2, 15], "texture": "#red"}
			}
		},
		{
			"from": [0, 3.5, 1],
			"to": [0.5, 13.5, 4.5],
			"faces": {
				"north": {"uv": [15.5, 2.5, 16, 12.5], "texture": "#red"},
				"south": {"uv": [0, 2.5, 0.5, 12.5], "texture": "#red"},
				"west": {"uv": [1, 2.5, 4.5, 12.5], "texture": "#red", "cullface": "west"},
				"up": {"uv": [0, 1, 0.5, 4.5], "texture": "#red"},
				"down": {"uv": [0, 11.5, 0.5, 15], "texture": "#red"}
			}
		},
		{
			"from": [0, 3.5, 4.5],
			"to": [0.5, 10, 6.5],
			"faces": {
				"south": {"uv": [0, 9, 0.5, 12.5], "texture": "#red"},
				"west": {"uv": [4.5, 9, 6.5, 12.5], "texture": "#red", "cullface": "west"},
				"up": {"uv": [0, 4.5, 0.5, 6.5], "texture": "#red"},
				"down": {"uv": [0, 9.5, 0.5, 11.5], "texture": "#red"}
			}
		},
		{
			"from": [0, 3.5, 6.5],
			"to": [0.5, 12, 9.5],
			"faces": {
				"west": {"uv": [6.5, 11, 9.5, 12.5], "texture": "#red", "cullface": "west"},
				"up": {"uv": [0, 6.5, 0.5, 9.5], "texture": "#red"},
				"down": {"uv": [0, 6.5, 0.5, 9.5], "texture": "#red"}
			}
		},
		{
			"from": [0, 4, 0.5],
			"to": [0.5, 13, 1],
			"faces": {
				"north": {"uv": [15.5, 3, 16, 12], "texture": "#red"},
				"west": {"uv": [0.5, 3, 1, 12], "texture": "#red", "cullface": "west"},
				"up": {"uv": [0, 0.5, 0.5, 1], "texture": "#red"},
				"down": {"uv": [0, 15, 0.5, 15.5], "texture": "#red"}
			}
		},
		{
			"from": [0, 4, 15],
			"to": [0.5, 13, 15.5],
			"faces": {
				"south": {"uv": [0, 3, 0.5, 12], "texture": "#red"},
				"west": {"uv": [15, 3, 15.5, 12], "texture": "#red", "cullface": "west"},
				"up": {"uv": [0, 15, 0.5, 15.5], "texture": "#red"},
				"down": {"uv": [0, 0.5, 0.5, 1], "texture": "#red"}
			}
		},
		{
			"from": [0, 10, 4.5],
			"to": [0.5, 13.5, 6.5],
			"faces": {
				"south": {"uv": [0, 2.5, 0.5, 6], "texture": "#red"},
				"west": {"uv": [4.5, 2.5, 6.5, 6], "texture": "#red", "cullface": "west"},
				"up": {"uv": [0, 4.5, 0.5, 6.5], "texture": "#red"},
				"down": {"uv": [0, 9.5, 0.5, 11.5], "texture": "#red"}
			}
		},
		{
			"from": [0, 3.5, 11.5],
			"to": [0.5, 13.5, 15],
			"faces": {
				"north": {"uv": [15.5, 2.5, 16, 12.5], "texture": "#red"},
				"south": {"uv": [0, 2.5, 0.5, 12.5], "texture": "#red"},
				"west": {"uv": [11.5, 2.5, 15, 12.5], "texture": "#red", "cullface": "west"},
				"up": {"uv": [0, 11.5, 0.5, 15], "texture": "#red"},
				"down": {"uv": [0, 1, 0.5, 4.5], "texture": "#red"}
			}
		},
		{
			"from": [0, 3.5, 9.5],
			"to": [0.5, 10, 11.5],
			"faces": {
				"north": {"uv": [15.5, 9, 16, 12.5], "texture": "#red"},
				"west": {"uv": [9.5, 9, 11.5, 12.5], "texture": "#red", "cullface": "west"},
				"up": {"uv": [0, 9.5, 0.5, 11.5], "texture": "#red"},
				"down": {"uv": [0, 4.5, 0.5, 6.5], "texture": "#red"}
			}
		},
		{
			"from": [0, 10, 9.5],
			"to": [0.5, 13.5, 11.5],
			"faces": {
				"north": {"uv": [15.5, 2.5, 16, 6], "texture": "#red"},
				"west": {"uv": [9.5, 2.5, 11.5, 6], "texture": "#red", "cullface": "west"},
				"up": {"uv": [0, 9.5, 0.5, 11.5], "texture": "#red"},
				"down": {"uv": [0, 4.5, 0.5, 6.5], "texture": "#red"}
			}
		},
		{
			"from": [0, 12, 6.5],
			"to": [0.5, 13.5, 9.5],
			"faces": {
				"west": {"uv": [6.5, 2.5, 9.5, 4], "texture": "#red", "cullface": "west"},
				"up": {"uv": [0, 6.5, 0.5, 9.5], "texture": "#red"},
				"down": {"uv": [0, 6.5, 0.5, 9.5], "texture": "#red"}
			}
		},
		{
			"from": [0.5, 3.5, 0.5],
			"to": [1.5, 13.5, 15.5],
			"faces": {
				"east": {"uv": [0.5, 2.5, 15.5, 12.5], "texture": "#red"},
				"south": {"uv": [0.5, 2.5, 1.5, 12.5], "texture": "#red"},
				"west": {"uv": [0.5, 2.5, 15.5, 12.5], "texture": "#red"},
				"up": {"uv": [0.5, 0.5, 1.5, 15.5], "texture": "#red"},
				"down": {"uv": [0.5, 0.5, 1.5, 15.5], "texture": "#red"}
			}
		},
		{
			"from": [2.5, 0, 1],
			"to": [12.5, 0.5, 15],
			"faces": {
				"north": {"uv": [3.5, 15.5, 13.5, 16], "texture": "#red"},
				"east": {"uv": [1, 15.5, 15, 16], "texture": "#red"},
				"south": {"uv": [2.5, 15.5, 12.5, 16], "texture": "#red"},
				"west": {"uv": [1, 15.5, 15, 16], "texture": "#red"},
				"up": {"uv": [2.5, 1, 12.5, 15], "texture": "#red"},
				"down": {"uv": [2.5, 1, 12.5, 15], "texture": "#red", "cullface": "down"}
			}
		},
		{
			"from": [3, 0, 0.5],
			"to": [12, 0.5, 1],
			"faces": {
				"north": {"uv": [4, 15.5, 13, 16], "texture": "#red"},
				"east": {"uv": [15, 15.5, 15.5, 16], "texture": "#red"},
				"west": {"uv": [0.5, 15.5, 1, 16], "texture": "#red"},
				"up": {"uv": [3, 0.5, 12, 1], "texture": "#red"},
				"down": {"uv": [3, 15, 12, 15.5], "texture": "#red", "cullface": "down"}
			}
		},
		{
			"from": [3, 0, 15],
			"to": [12, 0.5, 15.5],
			"faces": {
				"east": {"uv": [0.5, 15.5, 1, 16], "texture": "#red"},
				"south": {"uv": [3, 15.5, 12, 16], "texture": "#red"},
				"west": {"uv": [15, 15.5, 15.5, 16], "texture": "#red"},
				"up": {"uv": [3, 15, 12, 15.5], "texture": "#red"},
				"down": {"uv": [3, 0.5, 12, 1], "texture": "#red", "cullface": "down"}
			}
		},
		{
			"from": [2.5, 0.5, 15.5],
			"to": [12.5, 3, 16],
			"faces": {
				"north": {"uv": [3.5, 13, 13.5, 15.5], "texture": "#red"},
				"east": {"uv": [0, 13, 0.5, 15.5], "texture": "#red"},
				"south": {"uv": [2.5, 13, 12.5, 15.5], "texture": "#red", "cullface": "south"},
				"west": {"uv": [15.5, 13, 16, 15.5], "texture": "#red"},
				"up": {"uv": [2.5, 15.5, 12.5, 16], "texture": "#red"},
				"down": {"uv": [2.5, 0, 12.5, 0.5], "texture": "#red"}
			}
		},
		{
			"from": [2.5, 0.5, 0],
			"to": [12.5, 3, 0.5],
			"faces": {
				"north": {"uv": [3.5, 13, 13.5, 15.5], "texture": "#red", "cullface": "north"},
				"east": {"uv": [15.5, 13, 16, 15.5], "texture": "#red"},
				"south": {"uv": [2.5, 13, 12.5, 15.5], "texture": "#red"},
				"west": {"uv": [0, 13, 0.5, 15.5], "texture": "#red"},
				"up": {"uv": [2.5, 0, 12.5, 0.5], "texture": "#red"},
				"down": {"uv": [2.5, 15.5, 12.5, 16], "texture": "#red"}
			}
		},
		{
			"from": [2, 0.5, 1],
			"to": [2.5, 3, 15],
			"faces": {
				"east": {"uv": [1, 13, 15, 15.5], "texture": "#red"},
				"west": {"uv": [1, 13, 15, 15.5], "texture": "#red"},
				"up": {"uv": [2, 1, 2.5, 15], "texture": "#red"},
				"down": {"uv": [2, 1, 2.5, 15], "texture": "#red"}
			}
		},
		{
			"from": [12.5, 0.5, 1],
			"to": [13, 3, 15],
			"faces": {
				"east": {"uv": [1, 13, 15, 15.5], "texture": "#red"},
				"west": {"uv": [1, 13, 15, 15.5], "texture": "#red"},
				"up": {"uv": [12.5, 1, 13, 15], "texture": "#red"},
				"down": {"uv": [12.5, 1, 13, 15], "texture": "#red"}
			}
		},
		{
			"from": [2, 0.5, 15],
			"to": [3, 3, 15.5],
			"faces": {
				"north": {"uv": [13, 13, 14, 15.5], "texture": "#red"},
				"east": {"uv": [0.5, 13, 1, 15.5], "texture": "#red"},
				"south": {"uv": [2, 13, 3, 15.5], "texture": "#red"},
				"west": {"uv": [15, 13, 15.5, 15.5], "texture": "#red"},
				"up": {"uv": [2, 15, 3, 15.5], "texture": "#red"},
				"down": {"uv": [2, 0.5, 3, 1], "texture": "#red"}
			}
		},
		{
			"from": [12, 0.5, 15],
			"to": [13, 3, 15.5],
			"faces": {
				"north": {"uv": [3, 13, 4, 15.5], "texture": "#red"},
				"east": {"uv": [0.5, 13, 1, 15.5], "texture": "#red"},
				"south": {"uv": [12, 13, 13, 15.5], "texture": "#red"},
				"west": {"uv": [15, 13, 15.5, 15.5], "texture": "#red"},
				"up": {"uv": [12, 15, 13, 15.5], "texture": "#red"},
				"down": {"uv": [12, 0.5, 13, 1], "texture": "#red"}
			}
		},
		{
			"from": [2, 0.5, 0.5],
			"to": [3, 3, 1],
			"faces": {
				"north": {"uv": [13, 13, 14, 15.5], "texture": "#red"},
				"east": {"uv": [15, 13, 15.5, 15.5], "texture": "#red"},
				"south": {"uv": [2, 13, 3, 15.5], "texture": "#red"},
				"west": {"uv": [0.5, 13, 1, 15.5], "texture": "#red"},
				"up": {"uv": [2, 0.5, 3, 1], "texture": "#red"},
				"down": {"uv": [2, 15, 3, 15.5], "texture": "#red"}
			}
		},
		{
			"from": [12, 0.5, 0.5],
			"to": [13, 3, 1],
			"faces": {
				"north": {"uv": [3, 13, 4, 15.5], "texture": "#red"},
				"east": {"uv": [15, 13, 15.5, 15.5], "texture": "#red"},
				"south": {"uv": [12, 13, 13, 15.5], "texture": "#red"},
				"west": {"uv": [0.5, 13, 1, 15.5], "texture": "#red"},
				"up": {"uv": [12, 0.5, 13, 1], "texture": "#red"},
				"down": {"uv": [12, 15, 13, 15.5], "texture": "#red"}
			}
		},
		{
			"from": [2, 3, 3],
			"to": [2.5, 3.5, 5],
			"faces": {
				"north": {"uv": [13.5, 12.5, 14, 13], "texture": "#red"},
				"east": {"uv": [11, 12.5, 13, 13], "texture": "#red"},
				"south": {"uv": [2, 12.5, 2.5, 13], "texture": "#red"},
				"up": {"uv": [2, 3, 2.5, 5], "texture": "#red"}
			}
		},
		{
			"from": [2, 3, 11],
			"to": [2.5, 3.5, 13],
			"faces": {
				"north": {"uv": [13.5, 12.5, 14, 13], "texture": "#red"},
				"east": {"uv": [3, 12.5, 5, 13], "texture": "#red"},
				"south": {"uv": [2, 12.5, 2.5, 13], "texture": "#red"},
				"up": {"uv": [2, 11, 2.5, 13], "texture": "#red"}
			}
		},
		{
			"from": [1.5, 2.5, 3],
			"to": [2, 3, 5],
			"faces": {
				"north": {"uv": [14, 13, 14.5, 13.5], "texture": "#red"},
				"south": {"uv": [1.5, 13, 2, 13.5], "texture": "#red"},
				"west": {"uv": [3, 13, 5, 13.5], "texture": "#red"},
				"down": {"uv": [1.5, 11, 2, 13], "texture": "#red"}
			}
		},
		{
			"from": [1.5, 2.5, 11],
			"to": [2, 3, 13],
			"faces": {
				"north": {"uv": [14, 13, 14.5, 13.5], "texture": "#red"},
				"south": {"uv": [1.5, 13, 2, 13.5], "texture": "#red"},
				"west": {"uv": [11, 13, 13, 13.5], "texture": "#red"},
				"down": {"uv": [1.5, 3, 2, 5], "texture": "#red"}
			}
		},
		{
			"from": [4.5, 1.5, 5],
			"to": [5.5, 2.5, 13.5],
			"rotation": {"angle": 0, "axis": "y", "origin": [5, 2, 8]},
			"faces": {
				"south": {"uv": [7.5, 7.5, 8.5, 8.5], "texture": "#main"}
			}
		},
		{
			"from": [4.5, 2.5, 5],
			"to": [5.5, 3, 13.5],
			"rotation": {"angle": 0, "axis": "y", "origin": [5, 2, 8]},
			"faces": {
				"east": {"uv": [2.5, 7, 11, 7.5], "texture": "#main"},
				"south": {"uv": [7.5, 7, 8.5, 7.5], "texture": "#main"},
				"west": {"uv": [5, 7, 13.5, 7.5], "texture": "#main"},
				"up": {"uv": [5, 7.5, 13.5, 8.5], "rotation": 90, "texture": "#main"}
			}
		},
		{
			"from": [4.5, 1, 5],
			"to": [5.5, 1.5, 13.5],
			"rotation": {"angle": 0, "axis": "y", "origin": [5, 2, 8]},
			"faces": {
				"east": {"uv": [2.5, 8.5, 11, 9], "texture": "#main"},
				"south": {"uv": [7.5, 8.5, 8.5, 9], "texture": "#main"},
				"west": {"uv": [5, 8.5, 13.5, 9], "texture": "#main"},
				"down": {"uv": [11, 8.5, 2.5, 7.5], "rotation": 270, "texture": "#main"}
			}
		},
		{
			"from": [5.5, 1.5, 5],
			"to": [6, 2.5, 13.5],
			"rotation": {"angle": 0, "axis": "y", "origin": [5, 2, 8]},
			"faces": {
				"east": {"uv": [2.5, 7.5, 11, 8.5], "texture": "#main"},
				"south": {"uv": [8.5, 7.5, 9, 8.5], "texture": "#main"},
				"up": {"uv": [5, 7, 13.5, 7.5], "rotation": 90, "texture": "#main"},
				"down": {"uv": [11, 7.5, 2.5, 7], "rotation": 270, "texture": "#main"}
			}
		},
		{
			"from": [4, 1.5, 5],
			"to": [4.5, 2.5, 13.5],
			"rotation": {"angle": 0, "axis": "y", "origin": [5, 2, 8]},
			"faces": {
				"south": {"uv": [7, 7.5, 7.5, 8.5], "texture": "#main"},
				"west": {"uv": [5, 7.5, 13.5, 8.5], "texture": "#main"},
				"up": {"uv": [5, 8.5, 13.5, 9], "rotation": 90, "texture": "#main"},
				"down": {"uv": [11, 9, 2.5, 8.5], "rotation": 270, "texture": "#main"}
			}
		},
		{
			"from": [4.25, 2.5, 5],
			"to": [4.5, 2.75, 13.5],
			"rotation": {"angle": 0, "axis": "y", "origin": [5, 2, 8]},
			"faces": {
				"west": {"uv": [5, 7.25, 13.5, 7.5], "texture": "#main"},
				"up": {"uv": [5, 8.5, 13.5, 8.75], "rotation": 90, "texture": "#main"}
			}
		},
		{
			"from": [5.5, 2.5, 5],
			"to": [5.75, 2.75, 13.5],
			"rotation": {"angle": 0, "axis": "y", "origin": [5, 2, 8]},
			"faces": {
				"east": {"uv": [2.5, 7.25, 11, 7.5], "texture": "#main"},
				"up": {"uv": [5, 7.25, 13.5, 7.5], "rotation": 90, "texture": "#main"}
			}
		},
		{
			"from": [4.25, 1.25, 5],
			"to": [4.5, 1.5, 13.5],
			"rotation": {"angle": 0, "axis": "y", "origin": [5, 2, 8]},
			"faces": {
				"west": {"uv": [5, 8.5, 13.5, 8.75], "texture": "#main"},
				"down": {"uv": [11, 8.75, 2.5, 8.5], "rotation": 270, "texture": "#main"}
			}
		},
		{
			"from": [5.5, 1.25, 5],
			"to": [5.75, 1.5, 13.5],
			"rotation": {"angle": 0, "axis": "y", "origin": [5, 2, 8]},
			"faces": {
				"east": {"uv": [2.5, 8.5, 11, 8.75], "texture": "#main"},
				"down": {"uv": [11, 7.5, 2.5, 7.25], "rotation": 270, "texture": "#main"}
			}
		},
		{
			"from": [4.5, 2.5, 3.5],
			"to": [5.5, 3, 5],
			"rotation": {"angle": 0, "axis": "y", "origin": [5, 2, 8]},
			"faces": {
				"east": {"uv": [11, 7, 12.5, 7.5], "texture": "#main"},
				"west": {"uv": [3.5, 7, 5, 7.5], "texture": "#main"},
				"up": {"uv": [3.5, 7.5, 5, 8.5], "rotation": 90, "texture": "#main"}
			}
		},
		{
			"from": [4.5, 1, 3.5],
			"to": [5.5, 1.5, 5],
			"rotation": {"angle": 0, "axis": "y", "origin": [5, 2, 8]},
			"faces": {
				"east": {"uv": [11, 8.5, 12.5, 9], "texture": "#main"},
				"west": {"uv": [3.5, 8.5, 5, 9], "texture": "#main"},
				"down": {"uv": [12.5, 8.5, 11, 7.5], "rotation": 270, "texture": "#main"}
			}
		},
		{
			"from": [5.5, 1.5, 3.5],
			"to": [6, 2.5, 5],
			"rotation": {"angle": 0, "axis": "y", "origin": [5, 2, 8]},
			"faces": {
				"east": {"uv": [11, 7.5, 12.5, 8.5], "texture": "#main"},
				"up": {"uv": [3.5, 7, 5, 7.5], "rotation": 90, "texture": "#main"},
				"down": {"uv": [12.5, 7.5, 11, 7], "rotation": 270, "texture": "#main"}
			}
		},
		{
			"from": [4, 1.5, 3.5],
			"to": [4.5, 2.5, 5],
			"rotation": {"angle": 0, "axis": "y", "origin": [5, 2, 8]},
			"faces": {
				"west": {"uv": [3.5, 7.5, 5, 8.5], "texture": "#main"},
				"up": {"uv": [3.5, 8.5, 5, 9], "rotation": 90, "texture": "#main"},
				"down": {"uv": [12.5, 9, 11, 8.5], "rotation": 270, "texture": "#main"}
			}
		},
		{
			"from": [4.25, 2.5, 3.5],
			"to": [4.5, 2.75, 5],
			"rotation": {"angle": 0, "axis": "y", "origin": [5, 2, 8]},
			"faces": {
				"west": {"uv": [3.5, 7.25, 5, 7.5], "texture": "#main"},
				"up": {"uv": [3.5, 8.5, 5, 8.75], "rotation": 90, "texture": "#main"}
			}
		},
		{
			"from": [5.5, 2.5, 3.5],
			"to": [5.75, 2.75, 5],
			"rotation": {"angle": 0, "axis": "y", "origin": [5, 2, 8]},
			"faces": {
				"east": {"uv": [11, 7.25, 12.5, 7.5], "texture": "#main"},
				"up": {"uv": [3.5, 7.25, 5, 7.5], "rotation": 90, "texture": "#main"}
			}
		},
		{
			"from": [4.25, 1.25, 3.5],
			"to": [4.5, 1.5, 5],
			"rotation": {"angle": 0, "axis": "y", "origin": [5, 2, 8]},
			"faces": {
				"west": {"uv": [3.5, 8.5, 5, 8.75], "texture": "#main"},
				"down": {"uv": [12.5, 8.75, 11, 8.5], "rotation": 270, "texture": "#main"}
			}
		},
		{
			"from": [5.5, 1.25, 3.5],
			"to": [5.75, 1.5, 5],
			"rotation": {"angle": 0, "axis": "y", "origin": [5, 2, 8]},
			"faces": {
				"east": {"uv": [11, 8.5, 12.5, 8.75], "texture": "#main"},
				"down": {"uv": [12.5, 7.5, 11, 7.25], "rotation": 270, "texture": "#main"}
			}
		},
		{
			"from": [4.5, 1.5, 2.5],
			"to": [5.5, 2.5, 3.5],
			"rotation": {"angle": 0, "axis": "y", "origin": [5, 2, 8]},
			"faces": {
				"north": {"uv": [7.5, 7.5, 8.5, 8.5], "texture": "#main"}
			}
		},
		{
			"from": [4.5, 2.5, 2.5],
			"to": [5.5, 3, 3.5],
			"rotation": {"angle": 0, "axis": "y", "origin": [5, 2, 8]},
			"faces": {
				"north": {"uv": [7.5, 7, 8.5, 7.5], "texture": "#main"},
				"east": {"uv": [12.5, 7, 13.5, 7.5], "texture": "#main"},
				"west": {"uv": [2.5, 7, 3.5, 7.5], "texture": "#main"},
				"up": {"uv": [2.5, 7.5, 3.5, 8.5], "rotation": 90, "texture": "#main"}
			}
		},
		{
			"from": [4.5, 1, 2.5],
			"to": [5.5, 1.5, 3.5],
			"rotation": {"angle": 0, "axis": "y", "origin": [5, 2, 8]},
			"faces": {
				"north": {"uv": [7.5, 8.5, 8.5, 9], "texture": "#main"},
				"east": {"uv": [12.5, 8.5, 13.5, 9], "texture": "#main"},
				"west": {"uv": [2.5, 8.5, 3.5, 9], "texture": "#main"},
				"down": {"uv": [13.5, 8.5, 12.5, 7.5], "rotation": 270, "texture": "#main"}
			}
		},
		{
			"from": [5.5, 1.5, 2.5],
			"to": [6, 2.5, 3.5],
			"rotation": {"angle": 0, "axis": "y", "origin": [5, 2, 8]},
			"faces": {
				"north": {"uv": [7, 7.5, 7.5, 8.5], "texture": "#main"},
				"east": {"uv": [12.5, 7.5, 13.5, 8.5], "texture": "#main"},
				"up": {"uv": [2.5, 7, 3.5, 7.5], "rotation": 90, "texture": "#main"},
				"down": {"uv": [13.5, 7.5, 12.5, 7], "rotation": 270, "texture": "#main"}
			}
		},
		{
			"from": [4, 1.5, 2.5],
			"to": [4.5, 2.5, 3.5],
			"rotation": {"angle": 0, "axis": "y", "origin": [5, 2, 8]},
			"faces": {
				"north": {"uv": [8.5, 7.5, 9, 8.5], "texture": "#main"},
				"west": {"uv": [2.5, 7.5, 3.5, 8.5], "texture": "#main"},
				"up": {"uv": [2.5, 8.5, 3.5, 9], "rotation": 90, "texture": "#main"},
				"down": {"uv": [13.5, 9, 12.5, 8.5], "rotation": 270, "texture": "#main"}
			}
		},
		{
			"from": [4.25, 2.5, 2.5],
			"to": [4.5, 2.75, 3.5],
			"rotation": {"angle": 0, "axis": "y", "origin": [5, 2, 8]},
			"faces": {
				"west": {"uv": [2.5, 7.25, 3.5, 7.5], "texture": "#main"},
				"up": {"uv": [2.5, 8.5, 3.5, 8.75], "rotation": 90, "texture": "#main"}
			}
		},
		{
			"from": [5.5, 2.5, 2.5],
			"to": [5.75, 2.75, 3.5],
			"rotation": {"angle": 0, "axis": "y", "origin": [5, 2, 8]},
			"faces": {
				"east": {"uv": [12.5, 7.25, 13.5, 7.5], "texture": "#main"},
				"up": {"uv": [2.5, 7.25, 3.5, 7.5], "rotation": 90, "texture": "#main"}
			}
		},
		{
			"from": [4.25, 1.25, 2.5],
			"to": [4.5, 1.5, 3.5],
			"rotation": {"angle": 0, "axis": "y", "origin": [5, 2, 8]},
			"faces": {
				"west": {"uv": [2.5, 8.5, 3.5, 8.75], "texture": "#main"},
				"down": {"uv": [13.5, 8.75, 12.5, 8.5], "rotation": 270, "texture": "#main"}
			}
		},
		{
			"from": [5.5, 1.25, 2.5],
			"to": [5.75, 1.5, 3.5],
			"rotation": {"angle": 0, "axis": "y", "origin": [5, 2, 8]},
			"faces": {
				"east": {"uv": [12.5, 8.5, 13.5, 8.75], "texture": "#main"},
				"down": {"uv": [13.5, 7.5, 12.5, 7.25], "rotation": 270, "texture": "#main"}
			}
		},
		{
			"from": [5.5, 1.25, 13.5],
			"to": [5.75, 1.5, 13.75],
			"rotation": {"angle": 0, "axis": "y", "origin": [5, 2, 8]},
			"faces": {
				"east": {"uv": [2.25, 8.5, 2.5, 8.75], "texture": "#main"},
				"south": {"uv": [8.5, 8.5, 8.75, 8.75], "texture": "#main"},
				"west": {"uv": [13.5, 8.5, 13.75, 8.75], "texture": "#main"},
				"up": {"uv": [13.5, 7.25, 13.75, 7.5], "rotation": 90, "texture": "#main"},
				"down": {"uv": [2.5, 7.5, 2.25, 7.25], "rotation": 270, "texture": "#main"}
			}
		},
		{
			"from": [5.5, 2.5, 13.5],
			"to": [5.75, 2.75, 13.75],
			"rotation": {"angle": 0, "axis": "y", "origin": [5, 2, 8]},
			"faces": {
				"east": {"uv": [2.25, 7.25, 2.5, 7.5], "texture": "#main"},
				"south": {"uv": [8.5, 7.25, 8.75, 7.5], "texture": "#main"},
				"west": {"uv": [13.5, 7.25, 13.75, 7.5], "texture": "#main"},
				"up": {"uv": [13.5, 7.25, 13.75, 7.5], "rotation": 90, "texture": "#main"},
				"down": {"uv": [2.5, 7.5, 2.25, 7.25], "rotation": 270, "texture": "#main"}
			}
		},
		{
			"from": [4.25, 1.25, 13.5],
			"to": [4.5, 1.5, 13.75],
			"rotation": {"angle": 0, "axis": "y", "origin": [5, 2, 8]},
			"faces": {
				"east": {"uv": [2.25, 8.5, 2.5, 8.75], "texture": "#main"},
				"south": {"uv": [7.25, 8.5, 7.5, 8.75], "texture": "#main"},
				"west": {"uv": [13.5, 8.5, 13.75, 8.75], "texture": "#main"},
				"up": {"uv": [13.5, 8.5, 13.75, 8.75], "rotation": 90, "texture": "#main"},
				"down": {"uv": [2.5, 8.75, 2.25, 8.5], "rotation": 270, "texture": "#main"}
			}
		},
		{
			"from": [4.25, 2.5, 13.5],
			"to": [4.5, 2.75, 13.75],
			"rotation": {"angle": 0, "axis": "y", "origin": [5, 2, 8]},
			"faces": {
				"east": {"uv": [2.25, 7.25, 2.5, 7.5], "texture": "#main"},
				"south": {"uv": [7.25, 7.25, 7.5, 7.5], "texture": "#main"},
				"west": {"uv": [13.5, 7.25, 13.75, 7.5], "texture": "#main"},
				"up": {"uv": [13.5, 8.5, 13.75, 8.75], "rotation": 90, "texture": "#main"},
				"down": {"uv": [2.5, 8.75, 2.25, 8.5], "rotation": 270, "texture": "#main"}
			}
		},
		{
			"from": [4.5, 2.75, 13.5],
			"to": [5.5, 3, 13.75],
			"rotation": {"angle": 0, "axis": "y", "origin": [5, 2, 8]},
			"faces": {
				"east": {"uv": [2.25, 7, 2.5, 7.25], "texture": "#main"},
				"south": {"uv": [7.5, 7, 8.5, 7.25], "texture": "#main"},
				"west": {"uv": [13.5, 7, 13.75, 7.25], "texture": "#main"},
				"up": {"uv": [13.5, 7.5, 13.75, 8.5], "rotation": 90, "texture": "#main"},
				"down": {"uv": [2.5, 8.5, 2.25, 7.5], "rotation": 270, "texture": "#main"}
			}
		},
		{
			"from": [4.5, 1, 13.5],
			"to": [5.5, 1.25, 13.75],
			"rotation": {"angle": 0, "axis": "y", "origin": [5, 2, 8]},
			"faces": {
				"east": {"uv": [2.25, 8.75, 2.5, 9], "texture": "#main"},
				"south": {"uv": [7.5, 8.75, 8.5, 9], "texture": "#main"},
				"west": {"uv": [13.5, 8.75, 13.75, 9], "texture": "#main"},
				"up": {"uv": [13.5, 7.5, 13.75, 8.5], "rotation": 90, "texture": "#main"},
				"down": {"uv": [2.5, 8.5, 2.25, 7.5], "rotation": 270, "texture": "#main"}
			}
		},
		{
			"from": [4, 1.5, 13.5],
			"to": [4.25, 2.5, 13.75],
			"rotation": {"angle": 0, "axis": "y", "origin": [5, 2, 8]},
			"faces": {
				"east": {"uv": [2.25, 7.5, 2.5, 8.5], "texture": "#main"},
				"south": {"uv": [7, 7.5, 7.25, 8.5], "texture": "#main"},
				"west": {"uv": [13.5, 7.5, 13.75, 8.5], "texture": "#main"},
				"up": {"uv": [13.5, 8.75, 13.75, 9], "rotation": 90, "texture": "#main"},
				"down": {"uv": [2.5, 9, 2.25, 8.75], "rotation": 270, "texture": "#main"}
			}
		},
		{
			"from": [5.75, 1.5, 13.5],
			"to": [6, 2.5, 13.75],
			"rotation": {"angle": 0, "axis": "y", "origin": [5, 2, 8]},
			"faces": {
				"east": {"uv": [2.25, 7.5, 2.5, 8.5], "texture": "#main"},
				"south": {"uv": [8.75, 7.5, 9, 8.5], "texture": "#main"},
				"west": {"uv": [13.5, 7.5, 13.75, 8.5], "texture": "#main"},
				"up": {"uv": [13.5, 7, 13.75, 7.25], "rotation": 90, "texture": "#main"},
				"down": {"uv": [2.5, 7.25, 2.25, 7], "rotation": 270, "texture": "#main"}
			}
		},
		{
			"from": [5.5, 1.25, 2.25],
			"to": [5.75, 1.5, 2.5],
			"rotation": {"angle": 0, "axis": "y", "origin": [5, 2, 8]},
			"faces": {
				"north": {"uv": [7.25, 8.5, 7.5, 8.75], "texture": "#main"},
				"east": {"uv": [13.5, 8.5, 13.75, 8.75], "texture": "#main"},
				"west": {"uv": [2.25, 8.5, 2.5, 8.75], "texture": "#main"},
				"up": {"uv": [2.25, 7.25, 2.5, 7.5], "rotation": 90, "texture": "#main"},
				"down": {"uv": [13.75, 7.5, 13.5, 7.25], "rotation": 270, "texture": "#main"}
			}
		},
		{
			"from": [5.5, 2.5, 2.25],
			"to": [5.75, 2.75, 2.5],
			"rotation": {"angle": 0, "axis": "y", "origin": [5, 2, 8]},
			"faces": {
				"north": {"uv": [7.25, 7.25, 7.5, 7.5], "texture": "#main"},
				"east": {"uv": [13.5, 7.25, 13.75, 7.5], "texture": "#main"},
				"west": {"uv": [2.25, 7.25, 2.5, 7.5], "texture": "#main"},
				"up": {"uv": [2.25, 7.25, 2.5, 7.5], "rotation": 90, "texture": "#main"},
				"down": {"uv": [13.75, 7.5, 13.5, 7.25], "rotation": 270, "texture": "#main"}
			}
		},
		{
			"from": [4.25, 1.25, 2.25],
			"to": [4.5, 1.5, 2.5],
			"rotation": {"angle": 0, "axis": "y", "origin": [5, 2, 8]},
			"faces": {
				"north": {"uv": [8.5, 8.5, 8.75, 8.75], "texture": "#main"},
				"east": {"uv": [13.5, 8.5, 13.75, 8.75], "texture": "#main"},
				"west": {"uv": [2.25, 8.5, 2.5, 8.75], "texture": "#main"},
				"up": {"uv": [2.25, 8.5, 2.5, 8.75], "rotation": 90, "texture": "#main"},
				"down": {"uv": [13.75, 8.75, 13.5, 8.5], "rotation": 270, "texture": "#main"}
			}
		},
		{
			"from": [4.25, 2.5, 2.25],
			"to": [4.5, 2.75, 2.5],
			"rotation": {"angle": 0, "axis": "y", "origin": [5, 2, 8]},
			"faces": {
				"north": {"uv": [8.5, 7.25, 8.75, 7.5], "texture": "#main"},
				"east": {"uv": [13.5, 7.25, 13.75, 7.5], "texture": "#main"},
				"west": {"uv": [2.25, 7.25, 2.5, 7.5], "texture": "#main"},
				"up": {"uv": [2.25, 8.5, 2.5, 8.75], "rotation": 90, "texture": "#main"},
				"down": {"uv": [13.75, 8.75, 13.5, 8.5], "rotation": 270, "texture": "#main"}
			}
		},
		{
			"from": [4.5, 2.75, 2.25],
			"to": [5.5, 3, 2.5],
			"rotation": {"angle": 0, "axis": "y", "origin": [5, 2, 8]},
			"faces": {
				"north": {"uv": [7.5, 7, 8.5, 7.25], "texture": "#main"},
				"east": {"uv": [13.5, 7, 13.75, 7.25], "texture": "#main"},
				"west": {"uv": [2.25, 7, 2.5, 7.25], "texture": "#main"},
				"up": {"uv": [2.25, 7.5, 2.5, 8.5], "rotation": 90, "texture": "#main"},
				"down": {"uv": [13.75, 8.5, 13.5, 7.5], "rotation": 270, "texture": "#main"}
			}
		},
		{
			"from": [4.5, 1, 2.25],
			"to": [5.5, 1.25, 2.5],
			"rotation": {"angle": 0, "axis": "y", "origin": [5, 2, 8]},
			"faces": {
				"north": {"uv": [7.5, 8.75, 8.5, 9], "texture": "#main"},
				"east": {"uv": [13.5, 8.75, 13.75, 9], "texture": "#main"},
				"west": {"uv": [2.25, 8.75, 2.5, 9], "texture": "#main"},
				"up": {"uv": [2.25, 7.5, 2.5, 8.5], "rotation": 90, "texture": "#main"},
				"down": {"uv": [13.75, 8.5, 13.5, 7.5], "rotation": 270, "texture": "#main"}
			}
		},
		{
			"from": [4, 1.5, 2.25],
			"to": [4.25, 2.5, 2.5],
			"rotation": {"angle": 0, "axis": "y", "origin": [5, 2, 8]},
			"faces": {
				"north": {"uv": [8.75, 7.5, 9, 8.5], "texture": "#main"},
				"east": {"uv": [13.5, 7.5, 13.75, 8.5], "texture": "#main"},
				"west": {"uv": [2.25, 7.5, 2.5, 8.5], "texture": "#main"},
				"up": {"uv": [2.25, 8.75, 2.5, 9], "rotation": 90, "texture": "#main"},
				"down": {"uv": [13.75, 9, 13.5, 8.75], "rotation": 270, "texture": "#main"}
			}
		},
		{
			"from": [5.75, 1.5, 2.25],
			"to": [6, 2.5, 2.5],
			"rotation": {"angle": 0, "axis": "y", "origin": [5, 2, 8]},
			"faces": {
				"north": {"uv": [7, 7.5, 7.25, 8.5], "texture": "#main"},
				"east": {"uv": [13.5, 7.5, 13.75, 8.5], "texture": "#main"},
				"west": {"uv": [2.25, 7.5, 2.5, 8.5], "texture": "#main"},
				"up": {"uv": [2.25, 7, 2.5, 7.25], "rotation": 90, "texture": "#main"},
				"down": {"uv": [13.75, 7.25, 13.5, 7], "rotation": 270, "texture": "#main"}
			}
		},
		{
			"from": [6.9, 0.97, 7],
			"to": [8.9, 1.97, 9],
			"rotation": {"angle": 0, "axis": "y", "origin": [13, 1, 8]},
			"faces": {
				"north": {"uv": [5.6, 8, 9.6, 9], "texture": "#4"},
				"east": {"uv": [8, 4, 9, 6], "rotation": 90, "texture": "#4"},
				"south": {"uv": [10.4, 9, 6.4, 8], "rotation": 180, "texture": "#4"},
				"west": {"uv": [7, 4, 8, 6], "rotation": 270, "texture": "#4"},
				"up": {"uv": [6.4, 4, 10.4, 6], "texture": "#4"},
				"down": {"uv": [5.6, 4, 9.6, 6], "rotation": 180, "texture": "#4"}
			}
		},
		{
			"from": [7.15, 0.97, 11.5],
			"to": [9.15, 1.97, 12.5],
			"rotation": {"angle": 0, "axis": "y", "origin": [13, 1, 8]},
			"faces": {
				"north": {"uv": [5.35, 8, 9.35, 9], "texture": "#4"},
				"east": {"uv": [8, 8.5, 9, 9.5], "rotation": 90, "texture": "#4"},
				"south": {"uv": [10.65, 9, 6.65, 8], "rotation": 180, "texture": "#4"},
				"west": {"uv": [7, 8.5, 8, 9.5], "rotation": 270, "texture": "#4"},
				"up": {"uv": [6.65, 8.5, 10.65, 9.5], "texture": "#4"},
				"down": {"uv": [5.35, 8.5, 9.35, 9.5], "rotation": 180, "texture": "#4"}
			}
		},
		{
			"from": [7, 0.97, 9],
			"to": [9, 1.97, 11.5],
			"rotation": {"angle": 0, "axis": "y", "origin": [13, 1, 8]},
			"faces": {
				"north": {"uv": [5.5, 8, 9.5, 9], "texture": "#4"},
				"east": {"uv": [8, 6, 9, 8.5], "rotation": 90, "texture": "#4"},
				"south": {"uv": [10.5, 9, 6.5, 8], "rotation": 180, "texture": "#4"},
				"west": {"uv": [7, 6, 8, 8.5], "rotation": 270, "texture": "#4"},
				"up": {"uv": [6.5, 6, 10.5, 8.5], "texture": "#4"},
				"down": {"uv": [5.5, 6, 9.5, 8.5], "rotation": 180, "texture": "#4"}
			}
		}
	],
	"display": {
		"thirdperson_righthand": {
			"rotation": [24, 118, 10],
			"translation": [-1.25, 5, -0.75],
			"scale": [0.6, 0.6, 0.6]
		},
		"thirdperson_lefthand": {
			"rotation": [24, -45, -11],
			"translation": [-1.25, 5.5, -0.5],
			"scale": [0.6, 0.6, 0.6]
		},
		"firstperson_righthand": {
			"rotation": [0, -124, -14],
			"translation": [-0.75, 3.75, -7],
			"scale": [0.98, 1, 1]
		},
		"firstperson_lefthand": {
			"rotation": [0, 61, 16],
			"translation": [-4.5, 5.5, -6.25]
		},
		"ground": {
			"translation": [0, 0, 2],
			"scale": [0.7, 0.7, 0.7]
		},
		"gui": {
			"rotation": [30, -135, 0],
			"translation": [-0.38, -0.38, 0],
			"scale": [0.78, 0.76, 0.76]
		},
		"fixed": {
			"translation": [0, -0.38, 0],
			"scale": [1.7, 1.7, 1.7]
		}
	},
	"groups": [0, 1, 2, 3, 4, 5, 6, 7, 8, 9, 10, 11, 12, 13, 14, 15, 16, 17, 18, 19, 20, 21, 22, 23, 24, 25, 26, 27, 28, 29, 30, 31, 32, 33, 34, 35, 36, 37,
		{
			"name": "пламегаситель",
			"origin": [8, 8, 8],
			"children": [38, 39, 40, 41, 42, 43, 44, 45, 46, 47, 48, 49, 50, 51, 52, 53, 54, 55, 56, 57, 58, 59, 60, 61, 62, 63, 64, 65, 66, 67, 68, 69, 70, 71, 72, 73, 74, 75, 76, 77, 78, 79]
		},
		{
			"name": "dye_orange",
			"origin": [8, 8, 8],
			"children": [80, 81, 82]
		}
	]
}