{
	"__comment": "Designed by Pavel Durov with Cubik Studio - https://cubik.studio",
	"textures": {
		"particle": "items/snowball",
		"texture": "items/snowball",
		"Bullet_atlas": "items/snowball"
	},
	"elements": [
		{
			"__comment": "Voxels",
			"from": [ 6.875, 7.875, 7.875 ],
			"to": [ 7.125, 8.125, 8.875 ],
			"faces": {
				"down": { "uv": [ 0, 8, 4, 9 ], "texture": "#Bullet_atlas", "rotation": 270 },
				"up": { "uv": [ 0, 12, 4, 11 ], "texture": "#Bullet_atlas", "rotation": 90 },
				"north": { "uv": [ 14, 15, 15, 16 ], "texture": "#Bullet_atlas" },
				"south": { "uv": [ 16, 15, 15, 16 ], "texture": "#Bullet_atlas" },
				"west": { "uv": [ 0, 9, 4, 10 ], "texture": "#Bullet_atlas" },
				"east": { "uv": [ 4, 10, 0, 11 ], "texture": "#Bullet_atlas" }
			}
		},
		{
			"__comment": "Voxels",
			"from": [ 7.125, 7.875, 8.375 ],
			"to": [ 7.25, 8.125, 10.125 ],
			"faces": {
				"down": { "uv": [ 4, 11.5, 11, 12 ], "texture": "#Bullet_atlas", "rotation": 270 },
				"up": { "uv": [ 4, 10.5, 11, 10 ], "texture": "#Bullet_atlas", "rotation": 90 },
				"north": { "uv": [ 13, 13, 13.5, 14 ], "texture": "#Bullet_atlas" },
				"south": { "uv": [ 14, 13, 13.5, 14 ], "texture": "#Bullet_atlas" },
				"west": { "uv": [ 0, 14, 7, 15 ], "texture": "#Bullet_atlas" },
				"east": { "uv": [ 14, 15, 7, 16 ], "texture": "#Bullet_atlas" }
			}
		},
		{
			"__comment": "Voxels",
			"from": [ 6.75, 7.875, 8.375 ],
			"to": [ 6.875, 8.125, 10.125 ],
			"faces": {
				"down": { "uv": [ 4, 11, 11, 11.5 ], "texture": "#Bullet_atlas", "rotation": 270 },
				"up": { "uv": [ 4, 11, 11, 10.5 ], "texture": "#Bullet_atlas", "rotation": 90 },
				"north": { "uv": [ 14, 13, 14.5, 14 ], "texture": "#Bullet_atlas" },
				"south": { "uv": [ 15, 13, 14.5, 14 ], "texture": "#Bullet_atlas" },
				"west": { "uv": [ 7, 14, 14, 15 ], "texture": "#Bullet_atlas" },
				"east": { "uv": [ 7, 15, 0, 16 ], "texture": "#Bullet_atlas" }
			}
		},
		{
			"__comment": "Voxels",
			"from": [ 6.875, 7.75, 8.5 ],
			"to": [ 7.125, 7.875, 10.125 ],
			"faces": {
				"down": { "uv": [ 0, 12, 6.5, 13 ], "texture": "#Bullet_atlas", "rotation": 270 },
				"up": { "uv": [ 6.5, 13, 13, 12 ], "texture": "#Bullet_atlas", "rotation": 90 },
				"north": { "uv": [ 15, 13.5, 16, 14 ], "texture": "#Bullet_atlas" },
				"south": { "uv": [ 14, 12, 13, 12.5 ], "texture": "#Bullet_atlas" },
				"west": { "uv": [ 4, 9, 10.5, 9.5 ], "texture": "#Bullet_atlas" },
				"east": { "uv": [ 10.5, 9.5, 4, 10 ], "texture": "#Bullet_atlas" }
			}
		},
		{
			"__comment": "Voxels",
			"from": [ 6.875, 8.125, 8.5 ],
			"to": [ 7.125, 8.25, 10.125 ],
			"faces": {
				"down": { "uv": [ 0, 13, 6.5, 14 ], "texture": "#Bullet_atlas", "rotation": 270 },
				"up": { "uv": [ 6.5, 14, 13, 13 ], "texture": "#Bullet_atlas", "rotation": 90 },
				"north": { "uv": [ 15, 13, 16, 13.5 ], "texture": "#Bullet_atlas" },
				"south": { "uv": [ 14, 12.5, 13, 13 ], "texture": "#Bullet_atlas" },
				"west": { "uv": [ 4, 8, 10.5, 8.5 ], "texture": "#Bullet_atlas" },
				"east": { "uv": [ 10.5, 8.5, 4, 9 ], "texture": "#Bullet_atlas" }
			}
		},
		{
			"__comment": "Voxels",
			"from": [ 7.125, 7.75, 8.875 ],
			"to": [ 7.25, 7.875, 10 ],
			"faces": {
				"down": { "uv": [ 10.5, 8, 15, 8.5 ], "texture": "#Bullet_atlas", "rotation": 270 },
				"up": { "uv": [ 4, 7, 8.5, 6.5 ], "texture": "#Bullet_atlas", "rotation": 90 },
				"north": { "uv": [ 2.5, 7.5, 3, 8 ], "texture": "#Bullet_atlas" },
				"south": { "uv": [ 2.5, 7.5, 2, 8 ], "texture": "#Bullet_atlas" },
				"west": { "uv": [ 4, 5.5, 8.5, 6 ], "texture": "#Bullet_atlas" },
				"east": { "uv": [ 8.5, 6, 4, 6.5 ], "texture": "#Bullet_atlas" }
			}
		},
		{
			"__comment": "Voxels",
			"from": [ 6.75, 7.75, 8.875 ],
			"to": [ 6.875, 7.875, 10 ],
			"faces": {
				"down": { "uv": [ 4, 5, 8.5, 5.5 ], "texture": "#Bullet_atlas", "rotation": 270 },
				"up": { "uv": [ 4, 7.5, 8.5, 7 ], "texture": "#Bullet_atlas", "rotation": 90 },
				"north": { "uv": [ 0, 7.5, 0.5, 8 ], "texture": "#Bullet_atlas" },
				"south": { "uv": [ 2, 7.5, 1.5, 8 ], "texture": "#Bullet_atlas" },
				"west": { "uv": [ 11, 11.5, 15.5, 12 ], "texture": "#Bullet_atlas" },
				"east": { "uv": [ 8.5, 4.5, 4, 5 ], "texture": "#Bullet_atlas" }
			}
		},
		{
			"__comment": "Voxels",
			"from": [ 7.125, 8.125, 8.875 ],
			"to": [ 7.25, 8.25, 10 ],
			"faces": {
				"down": { "uv": [ 11, 11, 15.5, 11.5 ], "texture": "#Bullet_atlas", "rotation": 270 },
				"up": { "uv": [ 11, 11, 15.5, 10.5 ], "texture": "#Bullet_atlas", "rotation": 90 },
				"north": { "uv": [ 0.5, 7.5, 1, 8 ], "texture": "#Bullet_atlas" },
				"south": { "uv": [ 1.5, 7.5, 1, 8 ], "texture": "#Bullet_atlas" },
				"west": { "uv": [ 10.5, 9.5, 15, 10 ], "texture": "#Bullet_atlas" },
				"east": { "uv": [ 15.5, 10, 11, 10.5 ], "texture": "#Bullet_atlas" }
			}
		},
		{
			"__comment": "Voxels",
			"from": [ 6.75, 8.125, 8.875 ],
			"to": [ 6.875, 8.25, 10 ],
			"faces": {
				"down": { "uv": [ 10.5, 9, 15, 9.5 ], "texture": "#Bullet_atlas", "rotation": 270 },
				"up": { "uv": [ 10.5, 9, 15, 8.5 ], "texture": "#Bullet_atlas", "rotation": 90 },
				"north": { "uv": [ 3.5, 7.5, 4, 8 ], "texture": "#Bullet_atlas" },
				"south": { "uv": [ 3.5, 7.5, 3, 8 ], "texture": "#Bullet_atlas" },
				"west": { "uv": [ 8.5, 7.5, 13, 8 ], "texture": "#Bullet_atlas" },
				"east": { "uv": [ 8.5, 7.5, 4, 8 ], "texture": "#Bullet_atlas" }
			}
		},
		{
			"__comment": "Voxels",
			"from": [ 6.875, 7.875, 10 ],
			"to": [ 7.125, 8.125, 10.125 ],
			"faces": {
				"down": { "uv": [ 14, 12, 14.5, 13 ], "texture": "#Bullet_atlas", "rotation": 270 },
				"up": { "uv": [ 14.5, 13, 15, 12 ], "texture": "#Bullet_atlas", "rotation": 90 },
				"north": { "uv": [ 15, 14, 16, 15 ], "texture": "#Bullet_atlas" },
				"south": { "uv": [ 15, 14, 14, 15 ], "texture": "#Bullet_atlas" },
				"west": { "uv": [ 15.5, 12, 16, 13 ], "texture": "#Bullet_atlas" },
				"east": { "uv": [ 15.5, 12, 15, 13 ], "texture": "#Bullet_atlas" }
			}
		}
	]
}
